CIMBI;CIMBI ID;Civil status;CS.S.R;CS.1R;CS.ALL.OC.R;CS.ALL.OC.S;SB ID;Gender;Age;BMI;Edu;TMD;GSI;Cohen.PSS;MDI;Contraceptive;HC.1yes;H.IUD.1yes;OC.1yes;Name of contraceptive;FDR.1yes;CAR;Neuroticism;scan.type.1HRRT;MR.seg;Dose.MBq;SB.Mass;InjectedMassPerKg;SLC6A4 5HTTLPR;SLC6A4 5HTTLPR A/G (s-allele);SLC6A4 5HTTLPR A/G (l-allele);OC;Contraceptive;E.Ratio;LL.ESTRA.new;LL.ESTRA.old;LL.ESTRA;Imputed.ESTRA;ESTRA.corrected;ESTRA.0;ESTRA.intermediate;Imputed.TESTO;Imputed.PROG.corrected;Imputed.PROG.old;Imputed.PROG;Number of recent stressful events;Number of life time stressful events;Total number of stressful life events;Did you know your biological mother in your childhood?;"PBI: Total score (0-36) from ""Care"" questions for mother";"PBI: Total score (0-39) from ""Overprotection"" quest. for mother";PBI (mother) comments;Did you know your biological father in your childhood?;"PBI: Total score (0-36) from ""Care"" questions for father";"PBI: Total score (0-39) from ""Overprotection"" quest. for father";PSQI global score;Deviation from standard SB scan protocol;SB PET/HPLC acquisition problem;Comment to SB PET/HPLC acquisition problem;SB injection time;Minutes from last cigarette before SB injection;SB.SA;Daylight in minutes;MR scan date;MR;MR log number used for this SB PET analysis - T1;MR strength used for this SB PET analysis - T1;Movement correction (Y/N);Comment to SB analysis status;SB Time-normalized AUC-CB (NRU ROI) Raw-GM (Bq/ml);SB Time-normalized AUC-CB (NRU ROI) MGCS-GM (Bq/ml);Highbinding;DLPFC_L_SB_BPnd_NonPV_GM;DLPFC_R_SB_BPnd_NonPV_GM;VLPFC_L_SB_BPnd_NonPV_GM;VLPFC_R_SB_BPnd_NonPV_GM;amygdala_L_SB_BPnd_NonPV_GM;amygdala_R_SB_BPnd_NonPV_GM;antcin_L_SB_BPnd_NonPV_GM;antcin_R_SB_BPnd_NonPV_GM;cau_L_SB_BPnd_NonPV_GM;cau_R_SB_BPnd_NonPV_GM;entorhinc_L_SB_BPnd_NonPV_GM;entorhinc_R_SB_BPnd_NonPV_GM;hippocampus_L_SB_BPnd_NonPV_GM;hippocampus_R_SB_BPnd_NonPV_GM;hypothal_L_SB_BPnd_NonPV_GM;hypothal_R_SB_BPnd_NonPV_GM;ins_L_SB_BPnd_NonPV_GM;ins_R_SB_BPnd_NonPV_GM;medinffg_L_SB_BPnd_NonPV_GM;medinffg_R_SB_BPnd_NonPV_GM;medinftempg_L_SB_BPnd_NonPV_GM;medinftempg_R_SB_BPnd_NonPV_GM;occ_L_SB_BPnd_NonPV_GM;occ_R_SB_BPnd_NonPV_GM;orbfrc_L_SB_BPnd_NonPV_GM;orbfrc_R_SB_BPnd_NonPV_GM;parc_L_SB_BPnd_NonPV_GM;parc_R_SB_BPnd_NonPV_GM;postcin_L_SB_BPnd_NonPV_GM;postcin_R_SB_BPnd_NonPV_GM;put_L_SB_BPnd_NonPV_GM;put_R_SB_BPnd_NonPV_GM;senmotc_L_SB_BPnd_NonPV_GM;senmotc_R_SB_BPnd_NonPV_GM;supfg_L_SB_BPnd_NonPV_GM;supfg_R_SB_BPnd_NonPV_GM;suptempg_L_SB_BPnd_NonPV_GM;suptempg_R_SB_BPnd_NonPV_GM;th_L_SB_BPnd_NonPV_GM;th_R_SB_BPnd_NonPV_GM;DLPFC;VLPFC;Amygdala;Antcin;Caudatus;Total_entorhinc_SB_BPnd_NonPV_GM;Hippocampus;Hypothalamus;Total_ins_SB_BPnd_NonPV_GM;Total_medinffg_SB_BPnd_NonPV_GM;Total_medinftempg_SB_BPnd_NonPV_GM;Total_occ_SB_BPnd_NonPV_GM;Total_orbfrc_SB_BPnd_NonPV_GM;Total_parc_SB_BPnd_NonPV_GM;Postcin;Putamen;Total_senmotc_SB_BPnd_NonPV_GM;Total_supfg_SB_BPnd_NonPV_GM;Total_suptempg_SB_BPnd_NonPV_GM;Thalamus;FrontalCortex_SB_BPnd_NonPV_GM;Frontal.cortex.DB;Neocortex;Wholebrain;HighBindingwWM_SB_BPnd_NonPV_allvox;medpost_tegm_SB_BPnd_NonPV_allvox;midbrain_SB_BPnd_NonPV_allvox;Raphae_SB_BPnd_NonPV_allvox;HighBinding_SB_BPnd_MGCS_GM;DLPFC_L_SB_BPnd_MGCS_GM;DLPFC_R_SB_BPnd_MGCS_GM;VLPFC_L_SB_BPnd_MGCS_GM;VLPFC_R_SB_BPnd_MGCS_GM;amygdala_L_SB_BPnd_MGCS_GM;amygdala_R_SB_BPnd_MGCS_GM;antcin_L_SB_BPnd_MGCS_GM;antcin_R_SB_BPnd_MGCS_GM;cau_L_SB_BPnd_MGCS_GM;cau_R_SB_BPnd_MGCS_GM;entorhinc_L_SB_BPnd_MGCS_GM;entorhinc_R_SB_BPnd_MGCS_GM;hippocampus_L_SB_BPnd_MGCS_GM;hippocampus_R_SB_BPnd_MGCS_GM;hypothal_L_SB_BPnd_MGCS_GM;hypothal_R_SB_BPnd_MGCS_GM;ins_L_SB_BPnd_MGCS_GM;ins_R_SB_BPnd_MGCS_GM;medinffg_L_SB_BPnd_MGCS_GM;medinffg_R_SB_BPnd_MGCS_GM;medinftempg_L_SB_BPnd_MGCS_GM;medinftempg_R_SB_BPnd_MGCS_GM;occ_L_SB_BPnd_MGCS_GM;occ_R_SB_BPnd_MGCS_GM;orbfrc_L_SB_BPnd_MGCS_GM;orbfrc_R_SB_BPnd_MGCS_GM;parc_L_SB_BPnd_MGCS_GM;parc_R_SB_BPnd_MGCS_GM;postcin_L_SB_BPnd_MGCS_GM;postcin_R_SB_BPnd_MGCS_GM;put_L_SB_BPnd_MGCS_GM;put_R_SB_BPnd_MGCS_GM;senmotc_L_SB_BPnd_MGCS_GM;senmotc_R_SB_BPnd_MGCS_GM;supfg_L_SB_BPnd_MGCS_GM;supfg_R_SB_BPnd_MGCS_GM;suptempg_L_SB_BPnd_MGCS_GM;suptempg_R_SB_BPnd_MGCS_GM;th_L_SB_BPnd_MGCS_GM;th_R_SB_BPnd_MGCS_GM;Total_DLPFC_SB_BPnd_MGCS_GM;Total_VLPFC_SB_BPnd_MGCS_GM;Total_amygdala_SB_BPnd_MGCS_GM;Total_antcin_SB_BPnd_MGCS_GM;Total_cau_SB_BPnd_MGCS_GM;Total_entorhinc_SB_BPnd_MGCS_GM;Total_hippocampus_SB_BPnd_MGCS_GM;Total_hypothal_SB_BPnd_MGCS_GM;Total_ins_SB_BPnd_MGCS_GM;Total_medinffg_SB_BPnd_MGCS_GM;Total_medinftempg_SB_BPnd_MGCS_GM;Total_occ_SB_BPnd_MGCS_GM;Total_orbfrc_SB_BPnd_MGCS_GM;Total_parc_SB_BPnd_MGCS_GM;Total_postcin_SB_BPnd_MGCS_GM;Total_put_SB_BPnd_MGCS_GM;Total_senmotc_SB_BPnd_MGCS_GM;Total_supfg_SB_BPnd_MGCS_GM;Total_suptempg_SB_BPnd_MGCS_GM;Total_th_SB_BPnd_MGCS_GM;FrontalCortex_SB_BPnd_MGCS_GM;FrontCort_DB_SB_BPnd_MGCS_GM;Neocortex_SB_BPnd_MGCS_GM;WholeBrain_SB_BPnd_MGCS_GM
30009;30009;N/A;;;R;S;sb003;Female;27,08008214;21,2585034;4;;0,122222222;;3;OC;1;0;1;P-PILLER, navn ej angivet;0;;100;0;SPM5;337;1,606288112;0,026771469;sl;;A;OC user;OC;;;;;;;;;;;;;4;2;6;Yes;36;1;;Yes;34;5;;;Yes;BLOOD SAMPLES WERE DRAWN FROM THE ARTERIAL SIDE. ARTERIAL DATA ARE SYSTEMATICALLY HIGHER THAN VENOUS DATA, AND THEREFORE THESE ARTERIAL SAMPLES SHOULD  NOT BE USED FOR CRITICAL TESTS OF BLOOD MEASURES!;;;71,5;1005;15/05/06;f;f2919;3T;Yes;;;;2,315941501;0,282042609;0,295331452;0,381193965;0,329602068;0,726306152;0,688673945;0,52028457;0,546391917;2,332741873;2,119748051;0,485988426;0,470003026;0,877183564;0,860450446;0,441878595;0,446367105;0,668112196;0,642690097;0,344475241;0,323027247;0,57896348;0,602192491;0,334494981;0,34524266;0,386064224;0,413295958;0,368160524;0,393080687;0,557945572;0,543161051;2,460413154;2,436928109;0,202154586;0,193457095;0,247800624;0,270579437;0,5411202;0,521516147;0,481814778;0,474781276;0,288470161;0,354983311;0,704649869;0,531805233;2,226153188;0,478172991;0,865774538;0,440253871;0,653860189;0,332867679;0,589719205;0,339502986;0,3980221;0,380189185;0,54719567;2,435646385;0,197781965;0,259879816;0,530777541;0,479074664;;0,317020972;0,372495979;0,437362933;;0,452001595;0,430518353;0,465554549;3,309194759;0,560176961;0,597502341;0,67127827;0,570852517;0,673605857;0,651902883;0,694403235;0,660936604;3,270560753;2,907022484;0,763432248;0,781118019;0,881583418;0,889150063;1,060331508;1,034159984;0,784430603;0,734163641;0,621892591;0,568350984;0,806113184;0,780113873;0,569953375;0,561677304;0,633108048;0,619190485;0,724029965;0,719308894;0,74818493;0,680030107;3,616149576;3,607681347;0,594067816;0,5956315;0,558657448;0,571134147;0,767805989;0,742879209;0,735646206;0,703917821;0,579667586;0,618802973;0,659805008;0,677516585;3,078543197;0,774611126;0,880304775;1,037093775;0,758553804;0,595189063;0,793116196;0,567979893;0,623780146;0,722072481;0,70902921;3,603432507;0,592915739;0,563743807;0,755112202;0,719772471;;0,589139555;0,647392905;0,715099417
30018;30018;N/A;;;S;R;sb006;Female;44,73100616;22,51961582;5;;0,333333333;19;5;.No;0;0;0;;0;-140,25;82;0;SPM5;515;4,048719723;0,06725448;sl;;A;OC nonuser;.No;;;;;;;;;;;;;;;;;;;;;;;;;Yes;BLOOD SAMPLES WERE DRAWN FROM THE ARTERIAL SIDE. ARTERIAL DATA ARE SYSTEMATICALLY HIGHER THAN VENOUS  DATA,   AND THEREFORE THESE ARTERIAL SAMPLES SHOULD  NOT BE USED FOR CRITICAL TESTS OF BLOOD MEASURES! BOTH HPLC  VALUES  ARE BASED ON VENOUS BLOOD, AND AS THE VALUE OF 55 MIN HPLC RATIO WAS MISSING, IT HAS BEEN ESTIMATED BASED  ON A BIEXP.  FUNCTION  WITHOUT 0.;;;43,35;540;28/02/07;f;f3576;3T;Yes;;;;1,941434089;0,242781965;0,2384414;0,24083004;0,243657638;0,583140182;0,535948892;0,331356989;0,398769491;1,928856625;1,834375166;0,3571929;0,27080043;0,498634328;0,469011914;0,298444914;0,167943342;0,403118545;0,444364266;0,24735465;0,249265531;0,356052047;0,367609967;0,221475898;0,213410345;0,357574914;0,301800443;0,273735698;0,256499113;0,417949201;0,41582493;1,99413504;2,051110564;0,136567737;0,139813339;0,217507946;0,206483019;0,36075932;0,378176411;0,376243538;0,372685495;0,239112194;0,243094568;0,556152601;0,361589921;1,88443279;0,308907032;0,483893572;0,241840535;0,424162566;0,248139525;0,360736301;0,218165406;0,326374546;0,264742577;0,419810202;2,020611761;0,139193638;0,211617689;0,368656736;0,37455412;;0,245936119;0,25874882;0,303696108;;0,252554313;0,229174796;0,291978586;2,913904423;0,680719093;0,683797941;0,557590591;0,476358316;0,476029892;0,464326879;0,378892293;0,47782763;2,838944444;2,748200274;0,646691555;0,479004425;0,499959432;0,465175237;0,993191686;1,270351131;0,519180631;0,472858565;0,585367979;0,529975425;0,581836113;0,566737894;0,433974152;0,465271553;0,670230591;0,569170604;0,657266963;0,62241772;0,592899333;0,545319231;3,206920196;2,980297908;0,585581696;0,553752046;0,624737593;0,612406743;0,591239236;0,587181383;0,531127511;0,560709059;0,684201254;0,515924567;0,464684372;0,426748076;2,792240952;0,550891942;0,483335376;1,105913278;0,492977668;0,559186973;0,575725675;0,4500189;0,615013063;0,641391761;0,569492903;3,095871209;0,571040361;0,617063828;0,588367328;0,544669614;;0,588530265;0,568680975;0,602979906
30030;30030;N/A;;;S;R;sb010;Female;36,40246407;23,73560599;5;;0,311111111;7;5;.No;0;0;0;;0;103,5;96;0;SPM5;512;5,102035088;0,073942538;ll;;AA;OC nonuser;.No;;;;;;;;;;;;;10;1;11;Yes;10;7;;Yes;11;4;;HIGH MASS;Yes;BLOOD SAMPLES WERE DRAWN FROM THE ARTERIAL SIDE. ARTERIAL DATA ARE SYSTEMATICALLY HIGHER THAN VENOUS DATA,  AND THEREFORE THESE ARTERIAL SAMPLES SHOULD  NOT BE USED FOR CRITICAL TESTS OF BLOOD MEASURES! BOTH HPLC VALUES  ARE BASED ON VENOUS BLOOD.;;;34,2;669;16/04/07;f;f3640;3T;Yes;;;;2,206801989;0,322895437;0,327806576;0,335216588;0,295282321;0,709542573;0,812532553;0,456910968;0,439592139;2,295347926;2,095626162;0,368576536;0,339157205;0,675281721;0,696762556;0,384783351;0,393530036;0,611142539;0,564856516;0,314547999;0,301589911;0,52897487;0,523928043;0,28020542;0,266042853;0,342051498;0,346476324;0,340263087;0,3266084;0,415027984;0,389353172;2,18108018;2,274541418;0,166532294;0,159347443;0,280162883;0,292542886;0,47883591;0,512816457;0,413929495;0,458564045;0,3257111;0,316815458;0,751844505;0,449847309;2,191429318;0,352915722;0,690440162;0,380767411;0,586146406;0,308156042;0,527199888;0,271175658;0,343421067;0,332831249;0,402804785;2,230726268;0,16332215;0,287468775;0,496063852;0,430245245;;0,305015575;0,333562742;0,387786613;;0,312603666;0,296287952;0,362485589;3,0463703;0,676762445;0,653113813;0,585195689;0,538297592;0,671082042;0,832555724;0,607190994;0,587666057;3,027420085;2,641275685;0,653464776;0,533164708;0,717863961;0,775894732;0,955588084;1,009233141;0,706851736;0,6363317;0,582515771;0,548839383;0,750246303;0,74036843;0,526952677;0,511244481;0,60242988;0,561399733;0,694518119;0,680589051;0,716405701;0,661469359;3,276978353;3,316498704;0,507187366;0,481504266;0,638987549;0,654349615;0,700887434;0,721337952;0,604726673;0,660258022;0,666583383;0,562357448;0,741892147;0,59925902;2,825769394;0,587982382;0,745511651;0,960017517;0,672806249;0,566783288;0,746604425;0,520830302;0,582531244;0,688498892;0,689817153;3,296141379;0,496368875;0,646808973;0,710749874;0,626222507;;0,597822235;0,616040747;0,667367412
30045;30045;N/A;;;R;S;sb014;Female;38,51608487;20,47498965;1;;0,111111111;6;3;OC;1;0;1;P-PILLER, navn ej angivet;1;-1,725;70;0;SPM5;587;3,647877462;0,067056571;sl;;A;OC user;OC;;;;;;;;;;;;;7;5;12;Yes;11;11;;Yes;14;10;;;Yes;BLOOD SAMPLES WERE DRAWN FROM THE ARTERIAL SIDE. ARTERIAL DATA ARE SYSTEMATICALLY HIGHER THAN VENOUS DATA,   AND THEREFORE THESE ARTERIAL SAMPLES SHOULD  NOT BE USED FOR CRITICAL TESTS OF BLOOD MEASURES! THE HPLC  RATIO  FOR 32 MIN IS BASED ON ARTERIAL BLOOD, WHILE THE HPLC RATIO FOR 55 MIN IS BASED ON VENOUS BLOOD.;;922930;54,84;888;20/02/07;f;f3566;3T;Yes;;;;1,907607065;0,269809845;0,297499197;0,242149576;0,262059551;0,492932275;0,572223143;0,415057354;0,346404454;1,87058715;1,780816233;0,235803464;0,224260444;0,62171748;0,583621097;;0,202162334;0,468144866;0,525267853;0,254147761;0,267497431;0,397680962;0,422766447;0,230395496;0,230870757;0,238871795;0,2611078;0,277003651;0,309557194;0,243710608;0,293907832;2,029939036;2,040311505;0,133213568;0,158214398;0,233256727;0,234973407;0,3713822;0,418707229;0,365438534;0,321176968;0,283551359;0,252552164;0,536704127;0,382443203;1,828897214;0,230696863;0,600922168;0,125688974;0,497736233;0,259882591;0,411480446;0,230578925;0,251672459;0,293820185;0,266289902;2,035579176;0,144671027;0,233850285;0,394992853;0,347000228;;0,249368804;0,273999654;0,317082753;;0,243580152;0,232735754;0,273229602;3,090617463;0,571190498;0,637586524;0,483412482;0,508509919;0,49442185;0,555990162;0,505228841;0,442119136;2,851738464;2,714171826;0,47341891;0,404147312;0,644700421;0,623812668;0,293833231;0,642865645;0,568475233;0,652124641;0,514173021;0,527661428;0,681052762;0,67386124;0,487177436;0,458358907;0,463794892;0,462589188;0,631883192;0,631145158;0,304321343;0,378102354;3,441356659;3,753500692;0,476703642;0,514425155;0,532904647;0,545500181;0,598186045;0,633620822;0,614855588;0,56116104;0,604403892;0,496142548;0,525149015;0,474428404;2,781217598;0,433358762;0,631746358;0,446423311;0,61029792;0,521093372;0,676853245;0,473468992;0,463060312;0,631034291;0,339573127;3,586875368;0,494850548;0,538544161;0,617549757;0,590392575;;0,519207921;0,552953697;0,596803726
30066;30066;N/A;;;R;S;sb022;Female;25,35797399;24,01384083;3;;0,433333333;12;8;OC;1;0;1;P-PILLER, navn ej angivet;1;205,085;78;0;SPM5;251;4,80026936;0,069168146;ll;;AA;OC user;OC;;;;;;;;;;;;;5;3;8;Yes;30;8;;Yes;28;3;;HIGH MASS;Yes;AS THE VALUE OF 32 MIN HPLC RATIO WAS MISSING, IT HAS BEEN ESTIMATED BASED ON LINEAR INTERPOLATION.;;;17,82;718;16/10/07;f;f4064;3T;Yes;;;;1,974223772;0,285253649;0,319474166;0,355034189;0,350176626;0,67315262;0,605490424;0,534039399;0,508951289;2,093049258;1,869114063;0,457620156;0,406225278;0,691077964;0,718419051;0,473978208;0,271570208;0,541322285;0,544988785;0,321655342;0,322100925;0,476691878;0,512694153;0,302064286;0,321392566;0,353177399;0,356498175;0,333710204;0,362137953;0,394626917;0,391249811;2,100217244;1,793016884;0,213451006;0,189967581;0,244717466;0,281805443;0,474091949;0,472487656;0,414462241;0,43494436;0,302419657;0,352505054;0,626662683;0,5218322;1,979560409;0,427971531;0,704050307;0,347356277;0,543078213;0,321459878;0,494642146;0,311742368;0,355095505;0,348364457;0,393298035;1,962355188;0,202099682;0,263284323;0,473484789;0,423539318;;0,30498159;0,339385148;0,385175973;;0,298664274;0,299942373;0,358042043;2,949877735;0,529721955;0,598381082;0,559427697;0,530024527;0,635434597;0,596308636;0,603878011;0,580131484;2,852830905;2,694358151;0,748768619;0,665915546;0,775538505;0,790180001;1,197089978;0,802271938;0,605455272;0,626475752;0,543251374;0,551797071;0,689526215;0,726014453;0,518201604;0,504878688;0,592267631;0,578488746;0,637910742;0,666655672;0,520733932;0,472659571;3,425759543;3,06924045;0,525641501;0,525294067;0,53663268;0,58072074;0,670837813;0,656782931;0,585451123;0,66088855;0,565272616;0,543018049;0,601784143;0,592420922;2,764100836;0,701444749;0,782417928;0,961133912;0,615720351;0,546685816;0,707504432;0,488800536;0,58504103;0,652310148;0,508950853;3,248070795;0,525612816;0,558954357;0,663815361;0,604529246;;0,557249313;0,590797059;0,632777109
30075;30075;N/A;;;S;R;sb026;Female;52,73374401;22,400479;3;;0,077777778;4;1;.No;0;0;0;;1;193,875;47;1;SPM2;269;1,945155952;0,030584213;ll;;AA;OC nonuser;.No;;;;;;;;;;;;;4;4;8;Yes;28;7;;Yes;24;10;;;No;;;;47,13;696;09/03/08;f;f4394;3T;Yes;;;;3,045543017;0,547378934;0,556682298;0,610016844;0,526393998;0,756315599;0,85444261;0,676135234;0,777174546;3,150253629;2,750606277;0,555974573;0,48590555;1,21623284;1,207808246;0,709040521;0,535563275;0,785502401;0,787398518;0,554897615;0,510060486;0,784044214;0,773236826;0,457491638;0,486580239;0,582165663;0,592194459;0,535548677;0,532320814;0,591861733;0,593074062;2,97490331;3,308163383;0,382718236;0,333717204;0,451093965;0,457279478;0,722597187;0,741054741;0,521378102;0,614832966;0,552290742;0,565870708;0,80319284;0,724904548;2,942020356;0,513179216;1,210772134;0,628800895;0,786362637;0,532467106;0,77760695;0,472396166;0,586267622;0,534017973;0,591676638;3,128249356;0,357958771;0,454244412;0,730540149;0,566613341;0,509293324;0,510013466;0,541645092;0,638847427;;0,296425982;0,395305986;0,464315414;;;;;;;;;;;;;;;;;;;;;;;;;;;;;;;;;;;;;;;;;;;;;;;;;;;;;;;;;;;;;;;;;
30087;30087;N/A;;;S;R;sb029;Female;54,56536619;22,12711445;2;;0,077777778;12;5;.No;0;0;0;;0;-538,9;77;1;SPM2;290;1,803174603;0,031634642;sl;;A;OC nonuser;.No;;;;;;;;;;;;;6;4;10;Yes;29;9;;Yes;27;6;6;;No;;11.11;;54,81;816;11/03/08;f;f4405;3T;Yes;;;;2,308264086;0,431564826;0,413747757;0,508470157;0,401970828;0,78659655;0,647437365;0,624012375;0,589221395;2,539324394;2,353477233;0,526679665;0,599129666;0,866042665;0,769885063;0,548563862;1,196481861;0,619519502;0,602373447;0,487175627;0,417613893;0,596447769;0,565084235;0,292643321;0,288913043;0,532690144;0,527796344;0,366480221;0,334235022;0,366713573;0,39357953;2,19156417;2,291533492;0,25765386;0,179159897;0,399751688;0,410774377;0,511779156;0,500239339;0,378246948;0,391240445;0,422295573;0,453216265;0,715250883;0,606707379;2,442442904;0,559921227;0,817454579;0,76329997;0,610947729;0,45177147;0,57994368;0,290848923;0,529681424;0,349943881;0,375484286;2,236032445;0,217698257;0,405207419;0,505884902;0,384792901;0,445675349;0,447856565;0,40048147;0,479829524;;0,182257007;0,253899683;0,22722566;;;;;;;;;;;;;;;;;;;;;;;;;;;;;;;;;;;;;;;;;;;;;;;;;;;;;;;;;;;;;;;;;
30120;30120;N/A;;;S;R;sb040;Female;21,30321697;25,5036157;5;;0,177777778;;3;.No;0;0;0;;0;;72;0;SPM5;379;0,92556933;0,011716067;ll;;AA;OC nonuser;.No;;;;;;;;;;;;;4;3;7;Yes;33;3;;Yes;33;2;;;No;;11.07;;139,55;1045;14/07/08;f;f4704;3T;Yes;;;;2,940722816;0,462853755;0,451774834;0,40423225;0,393072802;0,787339382;0,659924239;0,66301787;0,641059507;2,938827781;3,011436788;0,358066646;0,45646275;0,733138167;0,805424757;0,573676379;0,69207635;0,793574214;0,754353913;0,437389583;0,41636358;0,578893262;0,60923366;0,43666396;0,438777848;0,444377016;0,401668303;0,47299873;0,50058128;0,668692137;0,612486701;2,929115548;2,884561429;0,314220603;0,314697329;0,410287512;0,43975839;0,608524646;0,642355691;0,581339159;0,517587518;0,45664979;0,398332158;0,7150269;0,652501993;2,969963366;0,410153616;0,76219695;0,625830581;0,772612433;0,425082203;0,595100704;0,438016801;0,420753208;0,486241468;0,643043881;2,90382744;0,314908338;0,427758774;0,626234843;0,547650051;;0,425806958;0,462416562;0,526915703;;0,379455611;0,399719272;0,376372986;4,191032486;0,763522371;0,706400251;0,639223414;0,579941784;0,80405675;0,669622743;0,688885535;0,691681144;3,776477559;3,851509015;0,70326189;0,801290736;0,823160431;0,918480711;1,282659797;1,253646914;0,899551532;0,834295317;0,662574349;0,622949041;0,794155566;0,839211729;0,619913474;0,623455456;0,659232493;0,602316119;0,703840018;0,755386883;0,763995816;0,661362378;4,556603731;4,788887884;0,577448637;0,581410952;0,684097491;0,713769132;0,802534818;0,818913949;0,821268872;0,722649155;0,731411656;0,608095672;0,72972602;0,690195281;3,806871893;0,754330825;0,86509591;1,247131956;0,866063425;0,643518888;0,815126484;0,622821561;0,628745837;0,730524193;0,715773081;4,65798222;0,578630455;0,699701583;0,811617887;0,773560779;;0,662242602;0,685421719;0,758473113
50044;50044;N/A;;;S;R;sb055;Female;45,35797399;38,18336616;3;;0,433333333;15;8;HIUD;1;1;0;HORMONSPIRAL;1;;92;0;SPM5;576;4,351602749;0,039203628;ss;AA;;OC nonuser;HIUD;;;;;;;;;;;;;;;;;;;;;;;9;;No;;12.12;325;45,11;628;10/04/08;f;f4465;3T;Yes;;;;2,1754081;0,305882873;0,35129305;0,396599332;0,403915702;0,588643112;0,550719177;0,557389616;0,521149873;2,095666688;2,113434063;;1,017135355;0,730099821;0,738265808;0,526554812;;0,689169772;0,667531029;0,348758051;0,366356946;0,540464533;0,53680897;0,350216228;0,368384571;0,462673628;0,488076777;0,412866529;0,434186528;0,55879783;0,570702172;2,292361552;2,357588746;0,236234353;0,219667445;0,316541801;0,341847556;0,45975512;0,507293822;0,566882742;0,516550992;0,329705135;0,400425202;0,563971143;0,541604431;2,09682143;1,311549253;0,730202824;0,588547484;0,678444608;0,359675247;0,539193978;0,358836149;0,475802919;0,425493148;0,567075733;2,320484338;0,229655984;0,331515821;0,485442472;0,54261552;;0,365410694;0,390129768;0,444773674;;0,444584975;0,537689783;0,611027546;3,358564195;0,683666967;0,715424032;0,71696223;0,691989101;0,558241191;0,495621863;0,692784001;0,647424428;2,976412454;2,929908027;;1,47455329;0,678629966;0,694078762;0,929937033;;0,80659764;0,759424121;0,665271047;0,66279112;0,734432784;0,73343307;0,61328543;0,609959253;0,707705357;0,756591695;0,834816098;0,80235133;0,648494984;0,609379556;3,829153572;4,229602214;0,685784261;0,646734836;0,692604815;0,740325539;0,682888988;0,694428376;0,79647757;0,723039911;0,700582359;0,703555782;0,517671182;0,671674554;2,950453093;;0,685904373;1,075839948;0,784318881;0,663874109;0,732576893;0,61214537;0,734907785;0,816510039;0,632548329;4,010317317;0,669510043;0,717592097;0,689849075;0,555723788;;0,6940183;0,699589398;0,750914486
50054;50054;N/A;;;S;R;sb059;Female;62,03696099;23,72528616;3;;0,011111111;2;0;.No;0;0;0;;1;;44;0;SPM5;593;5,318273684;0,093303047;sl;;A;OC nonuser;.No;;;;;;;;;;;;;8;2;10;Yes;33;5;;Yes;35;1;;HIGH MASS;Yes;BLOOD SAMPLES WERE TAKEN FROM THE SAME VENFLON AS USED FOR INJECTION.;11.55;;38;545;13/10/08;f;f4904;3T;Yes;;;;1,948603542;0,274379738;0,343520449;0,30732209;0,284283917;0,553771258;0,689256961;0,398027328;0,429012118;1,792046668;1,804402817;0,375058928;0,533322119;0,62128033;0,581326743;;0,338160337;0,448757245;0,410608936;0,29020553;0,292489285;0,451210195;0,449823323;0,236473799;0,267490319;0,326186844;0,294479503;0,298377637;0,318823701;0,455414936;0,460242099;2,24461887;1,992886029;0,124512441;0,149709563;0,221665317;0,252557649;0,397404765;0,416137067;0,354207083;0,362015016;0,308678751;0,294836146;0,615883877;0,413186277;1,799319766;0,413453354;0,602699902;0,351382511;0,431156237;0,291913941;0,450400873;0,250797719;0,307962721;0,308817516;0,457413851;2,123554897;0,138036965;0,23714117;0,40702173;0,358795987;;0,27385968;0,295784301;0,344180146;;0,240385282;0,324130524;0,274846344;3,312786835;0,662533987;0,744868075;0,574088079;0,577048875;0,49477387;0,640680198;0,586371878;0,547236127;2,87950748;3,047736342;0,579073337;0,933132073;0,639258108;0,609196813;;0,790028245;0,580109448;0,520792815;0,606689394;0,607761409;0,726172023;0,670815107;0,584644881;0,579445493;0,689559635;0,557782014;0,739071346;0,699623491;0,659287166;0,602354751;3,631561198;3,899796062;0,625669427;0,63269272;0,619574493;0,653380052;0,740944151;0,701389233;0,555431941;0,621914428;0,70529194;0,575323837;0,565259014;0,567390793;2,968021527;0,674545867;0,624737915;0,851175664;0,550628578;0,606536499;0,697519243;0,581574206;0,614419665;0,718173367;0,629755697;3,733511949;0,630018498;0,636857185;0,721397006;0,588027188;;0,619733931;0,647905563;0,694611997
50058;50058;N/A;;;S;R;sb060;Female;78,0807666;40,4775023;1;;0,144444444;16;0;.No;0;0;0;;0;;81;0;SPM5;600;4,387041407;0,039809813;ll;;AA;OC nonuser;.No;;;;;;;;;;;;;;;;;;;;;;;;;No;;10.53;;46,61;537;22/12/08;f;f5108;3T;Yes;;;;1,924111782;0,304009501;0,294133305;0,399193365;0,327258429;0,639171199;0,708262132;0,502858454;0,527602519;1,765953198;1,721111239;0,40686527;0,40082031;0,901587597;0,741828024;;0,402036345;0,59309046;0,520164011;0,341914643;0,310544664;0,568373174;0,547512433;0,320032747;0,334861708;0,457058684;0,46513785;0,347577266;0,341735898;0,42605334;0,519564739;2,326013625;2,12073437;0,126884594;0,118629315;0,268836991;0,256544758;0,501053122;0,500610424;0,335641747;0,325578136;0,298397034;0,36543784;0,671452276;0,514201206;1,749896113;0,385368178;0,821921793;0,240428916;0,557914249;0,325849289;0,555210591;0,32706966;0,46247158;0,344740389;0,465896331;2,23225793;0,122442115;0,264274938;0,499274314;0,330304762;;0,324480904;0,354865969;0,404974379;;0,145285532;0,347329568;0,166477795;3,410769972;0,714332882;0,699704744;0,679234699;0,581444527;0,563186522;0,635921045;0,738906405;0,681508522;2,898740981;2,803975698;0,740477019;0,641852589;0,934353779;0,761141441;0,651641261;1,201032133;0,76694833;0,697171657;0,691868078;0,625400048;0,794884038;0,740524275;0,654588035;0,680971174;0,789955324;0,74550831;0,836963773;0,832647131;0,658104256;0,779301535;4,25718234;4,525033085;0,752664876;0,685898025;0,696914058;0,682747357;0,744030514;0,788547442;0,601121387;0,615614364;0,705900949;0,633937173;0,592083112;0,71300717;2,85161672;0,648036914;0,851553792;0,894782881;0,733582643;0,658111514;0,768778221;0,667964341;0,767093827;0,8347065;0,711176384;4,384390358;0,720343703;0,691692334;0,764978801;0,617600334;;0,687329509;0,726675805;0,778156311
50066;50066;N/A;;;S;R;sb064;Female;86,15742642;26,88652824;3;;0,318181818;12;7;.No;0;0;0;;0;648,75;81;0;SPM5;570;0,944595186;0,013809871;sl;A;A;OC nonuser;.No;;;;;;;;;;;;;8;1;9;Yes;5;14;;Yes;35;6;;;No;;11.03;;205,65;461;24/11/08;f;f5016;3T;Yes;;;;1,567731684;0,109558268;0,105437563;0,203585374;0,193401701;0,819283023;0,98860522;0,305996036;0,268181686;1,157663115;1,238130088;0,52455065;;0,77166869;0,878064295;;;0,375994146;0,507292623;0,139440405;0,143925445;0,467620903;0,499658337;0,264416646;0,284369426;0,264791336;0,289653669;0,357392184;0,29707543;0,317021386;0,35940769;1,852616367;2,203706234;0,077445972;0,047175657;0,092607792;0,088429351;0,313795627;0,352891484;0,245922204;0,261146306;0,106738639;0,199510298;0,891359984;0,285527977;1,187605035;0,593399398;0,837095741;;0,443670432;0,143265814;0,481028178;0,274278155;0,277119445;0,32730194;0,339095632;1,985128819;0,061292905;0,090380781;0,332941391;0,252962606;;0,145088306;0,248750323;0,310500405;;0,210147746;0,26285102;0,197663364;2,42436164;0,550833762;0,616076842;0,702452283;0,690178179;0,718522873;;0,658567924;0,540870465;1,835620005;2,023614867;0,881435313;;1,018656292;1,060119604;;;0,649317675;0,802526433;0,614821493;0,632105727;0,761619358;0,749466563;0,765029722;0,780459713;0,633957236;0,657944945;0,92028095;0,900563226;0,675172341;0,842340639;2,684150782;3,485807082;0,936691883;0,868825859;0,594259341;0,563633052;0,835727955;0,762118988;0,536383613;0,620812571;0,584156485;0,695720398;0,804206624;0,593234978;1,910066587;1,077560983;1,039422792;;0,720981843;0,62232066;0,756582088;0,771198889;0,643286128;0,91019089;0,760644166;3,002958034;0,900585928;0,577061818;0,797771008;0,577911006;;0,609963492;0,739166123;0,78851521
50082;50082;N/A;;;S;R;sb069;Female;43,10472279;35,22285634;1;;0,348314607;14;6;.No;0;0;0;;0;118;105;0;SPM5;602;1,378125882;0,013699064;ll;;AA;OC nonuser;.No;;;;;;;;;;;;;;;;;;;;;;;;;No;;10.52;;148,87;480;27/01/09;f;f5180;3T;Yes;;;;1,494733164;0,258592757;0,166481156;0,218320473;0,239317359;0,738334726;0,577579827;0,396404762;0,313125984;1,219591985;1,465644049;0,643740825;0,461351466;0,584985495;0,606068994;0,392743603;0,35023081;0,404468481;0,44194302;0,212087453;0,223293983;0,339837131;0,363768152;0,286533742;0,258618836;0,376845378;0,29553282;0,264799972;0,273742955;0,387009942;0,363527231;1,715078645;1,785738904;0,118186921;0,111690522;0,174806312;0,132445217;0,346292003;0,348269678;0,293899035;0,346458056;0,212204706;0,228248711;0,641828512;0,359014474;1,331552293;0,486502079;0,594112496;0,366986248;0,42340521;0,218593793;0,351566476;0,272262936;0,336069139;0,269721667;0,375434459;1,745006431;0,11386074;0,153834166;0,344838674;0,322993715;;0,211119287;0,247700376;0,29128758;;0,218409044;0,274900728;0,218982147;2,312997035;0,604929989;0,493037534;0,498085066;0,469420986;0,62544554;0,517944058;0,531860513;0,411844426;1,934625118;2,232796279;;0,770580671;0,614295578;0,64998946;0,785393201;0,855685382;0,531382783;0,558176933;0,492695898;0,483764211;0,551311752;0,56298297;0,533426252;0,502751807;0,624176644;0,552227506;0,563690146;0,554264717;0,594695034;0,570063398;2,638587368;2,782001267;0,459758509;0,410627386;0,554449155;0,457011992;0,567597105;0,540431294;0,514054488;0,576178193;0,546479226;0,484715764;0,559212047;0,473297616;2,078029261;0,840943713;0,626458628;0,812219767;0,546274187;0,487750167;0,556513339;0,519524215;0,589892926;0,55886389;0,58154378;2,696588055;0,431664838;0,502712821;0,550530165;0,547505062;;0,508353257;0,516519718;0,554143558
50085;50085;N/A;;;R;S;sb070;Female;22,67214237;34,47214528;4;;0,022222222;3;3;OC;1;0;1;P-PILLER, navn ej angivet;0;161,8;71;0;SPM5;605;1,262222222;0,012522046;ll;;AA;OC user;OC;;;;;;;;;;;;;;;;;;;;;;;;;No;;13.36;;163,35;480;26/01/09;f;f5175;3T;Yes;;;;2,426047776;0,283906893;0,260728584;0,266656558;0,224135113;0,781807345;0,728515743;0,507137094;0,447043997;2,178621775;2,465779362;;0,515791329;0,785020216;0,666681585;0,559864058;0,580645302;0,671740324;0,568059153;0,265415479;0,243961595;0,505917927;0,471943884;0,310968146;0,293822915;0,387242062;0,277806295;0,3627459;0,344932234;0,42668508;0,494980803;2,602114363;2,44866083;0,169018635;0,162917187;0,219069272;0,204874251;0,468821168;0,487066674;0,386968017;0,498743296;0,272070886;0,247547774;0,752482004;0,477678025;2,316415571;0,450111918;0,720834101;0,557492515;0,61717208;0,253654559;0,488967674;0,302712322;0,327850122;0,353724751;0,458365689;2,542076055;0,166298294;0,211000125;0,479347967;0,436224203;;0,249727217;0,317153614;0,380081655;;0,291874696;0,347955617;0,308852914;3,444390269;0,594941188;0,569391527;0,436968324;0,437019819;0,757261078;0,75978118;0,671522336;0,552188097;3,026745327;3,305777236;0,730380574;0,847094013;0,899962834;0,791598578;1,039057018;1,102532804;0,781148126;0,63289422;0,514605336;0,498876336;0,719667936;0,624773576;0,541451021;0,501475848;0,657818373;0,462693171;0,718288532;0,648200082;0,549707763;0,525655763;3,789786412;3,693091159;0,579091811;0,510520233;0,557610951;0,526624864;0,689097122;0,64602431;0,541636078;0,670265412;0,600325825;0,436487446;0,752916609;0,613973291;3,174461179;0,781459865;0,841516465;1,042122336;0,70097917;0,506950493;0,670489523;0,521532846;0,552025507;0,680807173;0,535212392;3,75347531;0,545073464;0,543570358;0,666744582;0,622189818;;0,526291944;0,58066642;0,648499968
50089;50089;N/A;;;S;R;sb071;Female;63,26625599;32,71952663;3;;0,022222222;10;1;.No;0;0;0;;0;234,275;61;0;SPM5;494;2,009491525;0,023258004;sl;A;A;OC nonuser;.No;;;;;;;;;;;;;;;;;;;;;;;;;No;;10.47;118;83,78;506;03/02/09;f;f5201;3T;Yes;;;;1,903630419;0,304592789;0,361985713;0,329365655;0,36280825;0,811829214;0,59325081;0,483416186;0,48201964;1,889218129;1,905637932;0,454407839;0,464893657;0,865276414;0,720186708;0,511645804;0,325964548;0,552745467;0,546200596;0,30427057;0,339351094;0,596713509;0,593042074;0,319654886;0,333051443;0,379798245;0,429302431;0,379082672;0,398234912;0,44728131;0,517308336;1,915180278;1,927781425;0,17342096;0,173133555;0,2922531;0,332047219;0,492723651;0,505661092;0,317870194;0,336529267;0,334224918;0,346607733;0,667166123;0,473195782;1,901661025;0,461410103;0,789424297;0,415882963;0,546940974;0,322954591;0,597858114;0,325327124;0,40245266;0,388516823;0,481558959;1,917669061;0,172293951;0,312490465;0,499751162;0,323685888;;0,330873944;0,372578395;0,426175459;;0,168600417;0,276472674;0,167936058;2,918942058;0,853382955;0,842825777;0,746649264;0,673925891;0,75713557;0,547204987;0,748140423;0,824541382;2,795633557;2,752220171;0,802312099;0,762571926;0,860475559;0,75571262;1,476685151;1,52865988;0,76248785;0,78839482;0,757079306;0,732282028;0,899692262;0,898974527;0,717371284;0,681164698;0,730866525;0,77933552;0,957487206;0,98632844;0,780626465;0,914672726;3,202657057;2,959243617;0,789434716;0,828108994;0,766598785;0,852713873;0,895176116;0,884787166;0,608745575;0,566530488;0,847468004;0,708595962;0,621940835;0,766202054;2,771346314;0,778372466;0,809923124;1,486773199;0,776866588;0,744522536;0,900606384;0,69922465;0,755223717;0,972105927;0,843147436;3,083802861;0,78848065;0,810745774;0,889142342;0,57592405;;0,770926951;0,822055991;0,866703474
50524;50524;Single;S;0;S;S;sb111;Female;21,50855578;19,07807985;5;7;0,333333333;17;6;OC;1;0;1;P-PILLER, GESTONETTE;0;289,425;139;1;SPM5;599,444;0,938403836;0,018400075;sl;A;A;OC user;OC;;;;;;;;;;;;;4;0;4;Yes;33;6;;Yes;28;4;4;;No;;13.03;;217,7;469;17/01/11;f;f6694;3T;Yes;;12500,1;13177,76;3,280992123;0,517149965;0,484478211;0,51468015;0,473199001;0,637476526;0,51549509;0,598679465;0,675718395;3,618396994;3,285256349;0,445886551;0,533949069;0,812680412;0,768091729;1,033142709;0,88431177;0,640711487;0,611634938;0,514204309;0,474089527;0,677608983;0,619606723;0,417010134;0,384670004;0,595835914;0,548514824;0,561259182;0,55600026;0,525343729;0,485694393;3,171743893;3,068243788;0,335140257;0,371117195;0,462923486;0,462457223;0,605510291;0,639227154;0,50002709;0,568213517;0,500180022;0,492551447;0,554353432;0,63518422;3,441045593;0,49313863;0,789299517;0,947855306;0,626570247;0,493826607;0,648308201;0,400956481;0,571046399;0,558501722;0,505844011;3,126464507;0,353551594;0,462699727;0,622072283;0,534772871;0,491754043;0,493146257;0,501470359;0,567652506;;0,45573184;0,368617793;0,469029723;3,940918257;0,744335448;0,689590087;0,689075298;0,592563089;0,605513516;0,486045948;0,674250474;0,756175108;4,036853493;3,652340022;0,633138134;0,687306359;0,839360029;0,812471562;1,376903765;1,18171436;0,690500948;0,64417929;0,701180909;0,630581191;0,846215919;0,758144728;0,557268452;0,520047622;0,77126955;0,688482836;0,806199465;0,773253722;0,604796617;0,52372781;4,037407247;4,143721054;0,598341844;0,597308209;0,679099551;0,668543609;0,761325524;0,772738051;0,602788926;0,72018493;0,715920992;0,638130565;0,524443655;0,712702602;3,831206757;0,662598983;0,824516151;1,272652722;0,668007777;0,665390877;0,801723568;0,538851043;;0,789347276;0,565662314;4,080858112;0,597936906;0,673818454;0,766925583;0,663281398;0,675453853;0,677296809;0,684053477;0,749432185
50528;50528;Single;S;0;S;S;sb110;Female;22,37919233;21,62629758;5;-9;0;8;3;OC;1;0;1;P-PILLER (DIANOVA MITE);0;9;78;1;SPM5;607,673;0,850283127;0,01360453;ss;AA;;OC user;OC;;;;;;;;;;;;;0;1;1;Yes;31;13;;Yes;35;12;4;;No;;13.49;;243,56;465;15/01/11;f;f6689;3T;Yes;;10731,98;11368,92;3,749920257;0,659360144;0,620232746;0,6891526;0,68753406;0,803216441;0,884269326;0,788254145;0,82855432;3,707111734;3,817933289;0,704180168;0,606712494;1,110940903;1,00812185;0,969510913;0,843342979;0,817422095;0,774633584;0,694628947;0,648780829;0,878976542;0,870884015;0,541375103;0,545591228;0,83046194;0,786212365;0,688422353;0,680729999;0,700787319;0,712670967;3,736955167;3,758393093;0,48062482;0,460468151;0,59438795;0,559202068;0,805458021;0,812915059;0,734395056;0,792023136;0,638895219;0,688007574;0,847690871;0,806502678;3,754138112;0,646927537;1,058935211;0,904204186;0,796126897;0,671602337;0,874482891;0,543490859;0,806550817;0,684501223;0,704730994;3,744515783;0,470411978;0,576495516;0,80915591;0,759816929;0,652740063;0,655200276;0,661371565;0,734338698;;0,539379447;0,558980938;0,569344401;4,640513675;0,922990148;0,877670629;0,919416105;0,909307144;0,750949636;0,839115191;0,870035571;0,930538929;4,30867623;4,225675657;0,921095087;0,770383648;1,140367682;1,071139106;1,499959835;1,425283888;0,883408129;0,838782847;0,923805283;0,869502396;1,060566493;1,029189215;0,778932897;0,756473151;1,109741818;1,005781384;1,00962084;0,9657243;0,832401742;0,845275559;5,012708134;5,286633186;0,77226567;0,741882156;0,853225258;0,817937734;0,989871082;0,991836857;0,873896806;0,967278411;0,899286243;0,913853065;0,799332464;0,897578432;4,264733954;0,832505145;1,105413867;1,465167252;0,861170806;0,896532143;1,044562715;0,76752887;;0,987326622;0,836983214;5,131318953;0,756887926;0,835244851;0,990822593;0,915296459;0,893195865;0,896288399;0,899457117;0,970280934
50689;50689;Living together;R;1;R;R;sb172;Female;27,24435318;23,46020761;4;3;0,255555556;22;7;OC;1;0;1;P-PILLER (GESTONETTE);0;;82;1;SPM5;604,611;1,032476969;0,015228274;ss;AA;;OC user;OC;0;;0;0;0,12;0,12;0,12;0,12;0,49;0,7;0,7;0,7;1;2;3;Yes;17;13;;Yes;18;13;4;;No;;10.38;;199,57;468;17/01/12;f;f7356;3T;Yes;;10252,74;10793,61;3,300878833;0,716717352;0,715624325;0,697537846;0,701977467;0,997140915;0,890791914;0,721844862;0,704857202;3,242353221;3,346372512;0,301546303;0,325780212;1,115293783;0,928975448;0,524344172;0,493858414;0,852879615;0,785138217;0,710073102;0,691292722;0,86443271;0,838192591;0,589463655;0,583547365;0,72026341;0,699079773;0,699745176;0,710685463;0,669315305;0,694547587;3,370349302;3,295022173;0,555209099;0,497748605;0,599090209;0,617955175;0,906702716;0,907401213;0,644046473;0,578187216;0,716238906;0,699640858;0,932921391;0,712094442;3,288965523;0,311468857;1,020593465;0,513176724;0,819529402;0,700809853;0,851006308;0,58685513;0,70867989;0,705309081;0,681730981;3,335574637;0,526795028;0,608854796;0,907055459;0,61225537;0,667524951;0,668664676;0,690446591;0,742149337;;0,341341358;0,421769749;0,415220279;4,266651627;0,96364707;0,913268998;0,931763377;0,902309775;1,000320745;0,881842694;0,826718083;0,778218222;3,750714144;4,093602989;0,409698836;0,416217407;1,158639743;1,034045289;0,89811559;0,853286158;0,93681465;0,836471379;0,920275389;0,868234892;1,057919294;1,006206851;0,809609492;0,78689764;0,94316811;0,857523109;0,934481808;0,944349151;0,763529612;0,776716776;5,127667296;4,901513139;0,805586084;0,715059102;0,852937516;0,836959309;1,088869289;1,069296383;0,862997199;0,796308403;0,936983558;0,917619268;0,929369148;0,801274106;3,906806919;0,409107158;1,095445338;0,879740574;0,88739635;0,894602756;1,031535888;0,798994329;;0,939500707;0,770060602;5,027947356;0,760799378;0,844596363;1,079010362;0,830724816;0,875366248;0,876758588;0,898543508;0,952378237
50763;50763;Single;S;0;S;S;sb165;Female;27,57015743;21,19274242;5;-16;0,133333333;5;6;OC;1;0;1;P-PILLER (HARMONET);1;-377,7;70;1;SPM5;592;0,919905161;0,016138687;ss;AA;;OC user;OC;0;;0;0;0,22;0,22;0,22;0,22;0,85;0,8;0,8;0,8;0;0;0;Yes;35;0;;Yes;35;1;3;;No;;10.37;;219,32;436;06/12/11;f;f7246;3T;Yes;;15017,57;15701,57;3,853028883;0,766685424;0,74178251;0,839831686;0,75431292;1,060825208;0,794224317;1,00873062;0,942327041;3,944999386;3,938104891;0,628319172;0,699654463;1,029428264;1,034048183;0,740740498;0,613041644;0,872581439;0,840805249;0,806182208;0,734794716;1,032398838;0,944848751;0,68002288;0,696958767;0,88335586;0,834110617;0,812134479;0,813766693;0,920688258;0,785823719;3,833692504;3,589737332;0,534370638;0,542127299;0,736313429;0,72449149;0,929630184;0,917264313;0,646709511;0,70874962;0,753652819;0,797628462;0,90517791;0,976016893;3,93949022;0,666495559;1,031763678;0,679745458;0,856543714;0,770990697;0,986899375;0,688204539;0,857690538;0,812892229;0,851657966;3,705825072;0,538259921;0,729987528;0,923354148;0,674927374;0,766981497;0,768988302;0,776437784;0,839268739;;0,529593903;0,491665828;0,613758497;4,779969391;1,014856876;0,963022755;1,029292501;0,905589076;1,048355066;0,757477098;1,075809288;1,027542119;4,465220533;4,467169253;0,808993106;0,854558131;1,081079484;1,075819569;1,170672304;1,034542263;0,960433192;0,887619271;1,00654704;0,893148859;1,237910087;1,105519739;0,864452158;0,872739653;1,086842837;1,005936086;1,044687544;1,045721315;1,038076778;0,860700738;5,532186981;5,268731138;0,755542952;0,748743469;0,975829428;0,952131194;1,114669333;1,06323757;0,781786939;0,885562935;0,987705838;0,968263935;0,87944373;1,051644186;4,46404569;0,833388335;1,078302369;1,104365846;0,923636153;0,950635034;1,169103198;0,8684803;;1,045138304;0,947557356;5,387531271;0,752039364;0,963357447;1,088714554;0,828848645;0,967024306;0,969436836;0,973378707;1,038720262
52356;52356;Single;S;0;S;S;sb199;Female;22,29431896;24,59751156;5;2;0,255555556;6;6;OC;1;0;1;P-PILLER, navn ej angivet;0;;67;1;VBM8;608,385;0,530098965;0,00772739;ll;;AA;OC user;OC;0;;0;0;0,06;0,06;0,06;0,06;0,6;1,2;1,2;1,2;0;0;0;Yes;33;16;;Yes;30;12;4;;Yes;THERE ARE NO HPLC DATA FOR THIS SCAN AS RADIODETECTOR WAS OUT OF ORDER.;;;391,13;662;04/03/13;v;v0020;3T;Yes;Sune Keller performed MC as part of new reconstruction, ie. attenuation map was movement corrected before application.;11266,1;12068,64;3,011259739;0,460652219;0,408277712;0,542650985;0,482700982;0,597036538;0,7475632;0,629925523;0,58212017;3,389128594;3,249400154;0,619033682;0,51312367;0,755762883;0,766532457;0,617064766;0,677612284;0,702190205;0,595810773;0,503439645;0,440675348;0,742474089;0,700025701;0,448470599;0,458056835;0,588827579;0,577936322;0,610432126;0,596181381;0,566926012;0,595407984;2,779934869;2,685980979;0,38341098;0,344671986;0,436987804;0,423694032;0,719795358;0,674906953;0,532586467;0,546929036;0,433651821;0,512487767;0,664740329;0,603250648;3,317860376;0,559572953;0,760982523;0,64176658;0,649937458;0,472494977;0,72124172;0,453038452;0,582979058;0,603341035;0,580251268;2,731399746;0,364218938;0,43026876;0,696803157;0,539448037;0,470124685;0,471650679;0,52914902;0,59798571;;0,331147088;0,477923061;0,400187067;3,589329949;0,802961088;0,739592511;0,907165162;0,800372437;;0,71269964;0,822337736;0,747713891;3,625312304;3,450850762;0,820696957;0,66858937;0,80487999;0,814837604;0,885101641;1,126803116;0,806450659;0,689371767;0,845924045;0,733915212;1,000593301;0,942039653;0,772575066;0,808257968;0,840918863;0,791205373;1,030752828;1,034887514;0,685879187;0,723114466;3,746320627;3,545664088;0,773471053;0,715923286;0,772573093;0,762978239;0,971140325;0,915801194;0,629717376;0,62764379;0,770255279;0,853415171;0,634860225;0,782852905;3,536358777;0,736621084;0,809839804;0,983301173;0,748897643;0,790699462;0,971306546;0,78959702;;1,032770012;0,703280236;3,641700545;0,74508504;0,767729466;0,942843562;0,628709406;0,78317955;0,785240229;0,855751913;0,908508997
52500;52500;Single;S;0;S;S;sb201;Female;22,7926078;20,47826661;5;-11;0,055555556;3;2;OC;1;0;1;P-PILLER, MIRABELLA;0;;76;1;VBM8;600,315;0,839298293;0,013537069;sl;A;A;OC user;OC;0;;1;1;0,04;0,04;0;0,02;1;1,5;1,5;1,5;5;2;7;Yes;27;15;;Yes;31;12;1;;Yes;ONLINE RADIO-DETECTOR WAS OUT OF ORDER. RATIOS OF RADIOLABELED PARENT COMPOUND AND METABOLITES WERE    MEASURED BY COLLECTING FRACTIONS OF HPLC  ELUENT AND COUNTING THE FRACTIONS IN THE GAMMA WELL COUNTER.  ESTERASE INHIBITOR WAS NOT ADDED TO THE PLASMA USED FOR DETERMINATION OF PROTEIN BINDING (FP);;;243,76;695;04/03/13;v;v0021;3T;Yes;Sune Keller performed MC as part of new reconstruction, ie. attenuation map was movement corrected before application.;11317,39;12090,11;3,692671079;0,549304659;0,526063665;0,607602675;0,63453601;1,146443051;0,815545152;0,716853172;0,744673936;3,662090793;4,200379755;0,617000956;0,64573317;0,946383269;1,053197754;0,422649918;0,680841591;0,795125271;0,733032954;0,579097044;0,549859521;0,915599016;0,8478152;0,559819327;0,571290202;0,704428858;0,679225943;0,609379892;0,644417113;0,616000247;0,601391467;3,409969949;3,40264612;0,393669884;0,362075747;0,553212643;0,53869377;0,792973599;0,78279347;0,513266194;0,574742277;0,537048465;0,620753157;0,9665055;0,729964044;3,909413282;0,632221157;0,990647298;0,534477112;0,763052793;0,564551322;0,880459341;0,56545364;0,690068644;0,627137334;0,60825325;3,404240961;0,378168337;0,545893948;0,786722621;0,545274581;0,573490187;0,575405585;0,616365114;0,694551429;;0,310547866;0,386028858;0,39671457;4,538059204;0,922019947;0,834709886;1,00293583;0,973402779;1,126025639;0,825210008;0,892937664;1,003519859;3,975821577;4,506536232;0,762582807;0,763378585;1,018919837;1,139778984;0,667823146;1,059823092;0,946783616;0,890097555;0,955698248;0,85470674;1,19355057;1,095227932;0,900443228;0,861929488;0,993529983;0,888159959;1,00697966;1,020665722;0,778406916;0,721472974;5,378953796;4,71386752;0,760475576;0,745196179;0,878012534;0,842863155;1,07425229;1,046698825;0,630213744;0,670356621;0,876195501;0,988552363;0,964138953;0,9439741;4,216266831;0,763154134;1,069061211;0,84096332;0,916318675;0,905512323;1,142719078;0,881480849;;1,013924254;0,749688878;4,970248478;0,752580623;0,860319257;1,059048797;0,651274843;0,889311162;0,892144438;0,938380036;1,0099366
53232;53232;Single;S;0;S;S;sb228;Female;25,79055441;21,14631991;5;-8;0,033333333;6;1;OC;1;0;1;P-PILLER, JASMINELLE;1;;66;1;VBM8;603,225;0,48842737;0,007289961;sl;A;A;OC user;OC;0;;1;1;0,04;0,04;0;0,02;0,7;2,6;2,6;2,6;6;0;6;Yes;36;3;;Yes;33;2;2;;No;;;;420,9;804;08/09/15;p;p081;3T;Yes;;9541,975;10048,18;3,724963;0,6271839;0,5942368;0,653648;0,6353195;0,9746127;0,8268691;0,7306032;0,698757;3,877331;3,623882;0,5321322;0,4501601;1,296897;1,280826;0,3667841;0,7213848;0,89015;0,8611704;0,6250105;0,6164655;0,9436742;0,9242078;0,6385945;0,6018467;0,773986;0,7611215;0,7288327;0,7656672;0,7142552;0,7749689;3,697233;3,564903;0,4539968;0,4456857;0,5556789;0,5522082;0,9098531;0,9351395;0,850876;0,8047849;0,6099212;0,6438973;0,8942009;0,7148356;3,749072;0,4821041;1,286927;0,5468966;0,8749774;0,6207625;0,9334602;0,6199821;0,7670426;0,7476745;0,7446041;3,617684;0,4497714;0,5539224;0,9222297;0,8286915;0,6169286;0,617764772;0,6864102;0,763405767;;0,516113;0,4971212;0,6211699;4,82482;1,113817;1,018734;1,155309;1,076318;1,011624;0,831925;1,009261;0,9469243;4,479172;4,280675;0,7232105;0,5719951;1,38694;1,380811;0,8744449;1,244146;1,156886;1,086667;1,102448;1,062115;1,321265;1,24633;1,018712;0,9152372;1,075996;1,069931;1,189567;1,19839;0,8588846;0,887269;6,978212;6,693814;1,015734;0,9718899;0,9893266;0,9646228;1,354609;1,331401;1,097041;1,076695;1,064464;1,114554;0,9138196;0,9782841;4,378608;0,6329273;1,382192;1,062598;1,120367;1,082421;1,282007;0,9660847;1,072351;1,194073;0,8734272;6,812499;0,9934829;0,9767341;1,343111;1,086873;1,03993;1,041172272;1,103264;1,173221236
53494;53494;Living together;R;1;R;R;sb205;Female;28,6844627;21,22280828;4;3;0,011111111;0;1;OC;1;0;1;P-PILLER, RIGEVIDON;0;;80;1;VBM8;602,835;1,105559748;0,016258232;ll;;AA;OC user;OC;0;;1;1;0,04;0,04;0;0,02;0,42;0,7;0,7;0,7;0;3;3;Yes;31;8;;Yes;7;3;3;;No;;;;185,83;451;12/01/15;p;p051;3T;Yes;;11004,88;11679,5;3,482129;0,5738414;0,6160639;0,6211998;0,604593;0,7979109;0,7382886;0,9439785;0,8225033;3,36739;3,549965;0,4444584;0,3288846;1,006219;0,9332395;0,4325543;0,4793342;0,8382559;0,730588;0,5978032;0,5907725;0,7334721;0,6712779;0,4844712;0,4408767;0,7728201;0,6841315;0,6717908;0,6906085;0,5227513;0,5447493;3,735286;3,30386;0,3764094;0,4025007;0,562662;0,5720637;0,7314775;0,7069448;0,5996868;0,6136928;0,5954611;0,6134006;0,7639223;0,8841503;3,462382;0,3810299;0,9697822;0,4545295;0,7850783;0,5943796;0,7031911;0,4623242;0,7261955;0,6812969;0,5326658;3,517376;0,389171;0,5673633;0,7192436;0,6056246;0,6021893;0,602751247;0,5955445;0,675181958;;0,3932171;0,4128285;0,4330104;4,450766;0,9880672;1,023992;0,9361474;0,9505437;0,8348818;0,7253295;1,182096;1,100714;3,931853;4,20468;0,5398566;0,4140547;1,081842;0,9817443;0,7386072;0,8394255;1,003327;0,858125;0,9419532;0,9331787;0,9599603;0,8862261;0,7283621;0,6380193;1,089399;0,9470464;1,016129;1,024739;0,6297962;0,587902;5,41523;4,578037;0,7475193;0,8199542;0,9704985;0,9822549;0,9808963;0,9212465;0,793326;0,8232839;1,006497;0,9435077;0,7743209;1,141238;4,073846;0,4708898;1,031868;0,7835747;0,9315855;0,9376784;0,9240386;0,6822829;1,014625;1,020388;0,6081837;4,995282;0,7829507;0,9763517;0,9512507;0,8068284;0,9621524;0,963013893;0,9063012;0,984526644
53495;53495;Single;S;0;S;S;sb206;Female;24,46817248;27,13141179;4;40;0,5;18;12;HIUD;1;1;0;HORMONSPIRAL;0;;102;1;VBM8;596,357;0,479177785;0,005637386;sl;A;A;OC nonuser;HIUD;0;;0;0;0,11;0,11;0,11;0,11;1,1;1,9;1,9;1,9;3;0;3;Yes;32;19;;Yes;26;12;10;;No;;;;424,14;454;13/01/15;p;p052;3T;Yes;;10394,14;10994,31;3,823642;0,6426848;0,5733918;0,7230026;0,6320818;0,7492879;0,6405071;0,866694;0,7884184;3,806296;4,271969;0,73349;0,6715551;1,153907;1,070349;0,9242176;0,6804093;0,9063116;0,7687272;0,6591676;0,5858797;0,8420177;0,8101861;0,6697309;0,678576;0,7729552;0,6930749;0,7885887;0,8184465;0,7841199;0,7312203;3,704894;3,441942;0,5656025;0,5234483;0,6337815;0,5682694;0,866871;0,8714394;0,6161475;0,6515953;0,6079585;0,6789198;0,692927;0,8280571;4,005929;0,6836457;1,110098;0,7888211;0,8367403;0,6232602;0,8254884;0,674072;0,731098;0,8039481;0,7592601;3,563591;0,5459187;0,6009529;0,8690942;0,6322016;0,6273829;0,628769854;0,6972275;0,769240444;;0,5027568;0,5190914;0,5991959;4,874005;0,9229936;0,8397792;1,08568;0,9555038;0,7472382;0,6733982;1,075276;1,082491;4,287803;4,599275;0,9602147;0,9030414;1,245023;1,175896;1,30048;0,9182503;1,0995;0,9151342;0,9562444;0,8822347;1,134211;1,032109;0,9465421;0,9331446;1,107693;1,000648;1,070493;1,039173;0,9568017;0,8342486;5,956111;5,156262;0,8388932;0,7905582;0,9150686;0,8454188;1,169048;1,117889;0,75;0,7604129;0,8812844;1,022555;0,7086092;1,078818;4,419346;0,9124773;1,208185;1,088708;1,006369;0,9199841;1,081466;0,9399889;1,051469;1,054363;0,8992059;5,526004;0,8163301;0,8801593;1,143575;0,7530682;0,9199147;0,921790657;0,9680179;1,045302392
53498;53498;Single;S;0;S;S;sb207;Female;21,77138946;20,5624783;5;20;0,166666667;15;11;.No;0;0;0;;0;;97;1;VBM8;600,457;1,23706774;0,023209526;ll;;AG;OC nonuser;.No;0;;0;0;0,33;0,33;0,33;0,33;0,42;13,8;13,8;13,8;3;1;4;Yes;23;16;;Yes;22;15;4;;No;;;;165,42;475;20/01/15;p;p053;3T;Yes;;13356,07;13990,98;3,804697;0,6591558;0,5958106;0,8118417;0,6829277;0,7523024;0,8550361;0,8600185;0,8203555;3,859351;3,798518;0,6837237;0,5286864;1,179015;1,010272;1,12571;1,039954;0,9382411;0,8709729;0,7143147;0,6480955;0,9115057;0,8585946;0,6662343;0,7227444;0,8520574;0,8006758;0,8327232;0,8333322;0,7471632;0,8833969;3,887346;3,664312;0,5460021;0,526243;0,6303122;0,6165621;0,8874206;0,9619954;0,6751678;0,6998004;0,6264548;0,7479936;0,7964017;0,8415573;3,82503;0,6031796;1,089786;1,086388;0,9046149;0,6820176;0,8847145;0,6930073;0,8245122;0,8330341;0,8099228;3,775636;0,5362842;0,6233317;0,9257308;0,6854039;0,6780742;0,679218241;0,7410007;0,819978871;;0,369824;0,4936684;0,4209287;4,977781;1,030381;0,9538876;1,277761;1,108646;0,7699002;0,8689375;1,105805;1,056681;4,324756;4,210592;0,833184;0,6518577;1,332195;1,084599;1,603986;1,656628;1,145752;1,066377;1,093077;1,011056;1,174649;1,076655;0,9617256;0,9918517;1,212274;1,068289;1,199296;1,186784;0,8837159;1,046021;6,245793;5,757098;0,9784377;0,937767;0,9894676;0,9716947;1,166129;1,212276;0,7840207;0,8038646;0,9909333;1,193981;0,8121057;1,082942;4,265231;0,738762;1,200856;1,627396;1,106016;1,053084;1,125317;0,9759991;1,135464;1,19291;0,9584904;6,001569;0,9584492;0,9804437;1,189776;0,7915523;1,035282;1,036771074;1,069395;1,151780056
53511;53511;Single;S;0;S;S;sb210;Female;26,16290212;27,06405159;5;16;0,155555556;9;6;OC;1;0;1;P-PILLER, FEMICEPT;1;;117;1;VBM8;590,183;0,508814486;0,00628166;sl;A;A;OC user;OC;0;;0;0;0,12;0,12;0,12;0,12;0,6;1,5;1,5;1,5;4;3;7;Yes;26;14;;Yes;23;8;5;;No;;;;395,3;561;11/02/15;p;p056;3T;Yes;;9050,919;9573,675;3,908078;0,6328958;0,5755214;0,6918371;0,5759306;0,6982909;0,6827265;0,9571066;0,8666509;3,811405;3,907663;0,2974191;0,3673633;1,134358;1,055408;0,5303466;0,6387869;0,9679688;0,8702165;0,6632528;0,5730141;0,8752256;0,7994544;0,535686;0,5249524;0,7853668;0,715041;0,7882679;0,7963035;0,6138395;0,6367163;3,974561;4,020095;0,4774548;0,4990383;0,5742138;0,5682679;0,8863542;0,8247492;0,6719276;0,7637494;0,6039939;0,6343167;0,6898017;0,9151473;3,85696;0,3338324;1,094347;0,5904959;0,9185016;0,6199494;0,8368115;0,5303183;0,7471216;0,7923316;0,6246556;3,990878;0,4880707;0,5711326;0,8556826;0,7146975;0,6185268;0,619233701;0,6735185;0,754226468;;0,3720996;0,3897892;0,4512536;5,23907;1,167571;1,075614;1,132044;1,010238;0,6705657;0,6478245;1,325804;1,247371;4,31372;4,253752;0,4257412;0,5276191;1,166257;1,059476;0,8532853;0,9795828;1,183742;1,067415;1,124146;1,025725;1,137593;0,9886279;0,8541096;0,7675463;1,1355;1,000168;1,287023;1,222508;0,7295708;0,7548499;7,103622;6,499941;0,9679046;1,003258;1,047159;1,007412;1,195961;1,083143;0,8353035;0,9144866;1,121259;1,071601;0,6585335;1,289399;4,282894;0,4783697;1,112274;0,919952;1,124951;1,076916;1,062079;0,8107918;1,061957;1,253885;0,7415287;6,777145;0,9853355;1,026675;1,139857;0,8712774;1,054681;1,055734802;1,053849;1,135752957
53529;53529;Living together;R;1;R;R;sb214;Female;21,41546886;19,31574296;4;-7;0,044444444;10;1;OC;1;0;1;P-PILLER, FEMICEPT;0;;80;1;VBM8;591,489;0,612945696;0,010015453;ss;AG;;OC user;OC;0;;1;1;0,04;0,04;0;0,02;0,42;0,6;0,6;0,6;2;0;2;Yes;29;14;;Yes;23;15;1;;No;;;;328,87;679;09/03/15;p;p060;3T;Yes;;11597,81;12268,66;3,648869;0,4282963;0,4191737;0,6232441;0,5632995;1,061005;0,8345171;0,6946027;0,6899369;3,764937;3,883833;0,5198013;0,6883168;1,087112;1,004928;0,5997222;0,7842927;0,7991005;0,7564048;0,5471941;0,506262;0,7865449;0,6915887;0,5345702;0,5077253;0,7374977;0,6585087;0,6363595;0,6120525;0,5967881;0,6514927;3,873359;3,163925;0,425136;0,3697838;0,4444802;0,4234057;0,744848;0,7260126;0,6226495;0,5502299;0,4236205;0,5935209;0,9183062;0,6922716;3,822599;0,6022532;1,04333;0,6792374;0,7775913;0,5273238;0,7361752;0,5223828;0,6927175;0,6240934;0,6233237;3,49906;0,3986999;0,4336535;0,735203;0,5863502;0,5091831;0,510983359;0,5633535;0,644078294;;0,4326764;0,4882371;0,5430593;4,654516;0,7026676;0,6801192;0,8962995;0,8204954;1,090413;0,8059029;0,8799118;0,8903161;4,408853;4,447194;0,7273873;0,9481702;1,122021;1,0589;1,003503;1,24491;0,9527529;0,8840256;0,8133135;0,7539952;1,084312;0,9203056;0,8525259;0,7900235;1,15079;0,9143223;0,9645353;0,9090484;0,7438066;0,7976777;5,375728;4,433431;0,7493003;0,675732;0,7422168;0,7097245;0,9991805;0,9510677;0,7608614;0,6482687;0,6913614;0,858707;0,9112861;0,884748;4,427384;0,8346626;1,086863;1,098186;0,9181345;0,7845254;0,9973067;0,8241271;1,017575;0,9365057;0,7697779;4,865351;0,7141952;0,725525;0,9750476;0,7037458;0,7871963;0,789550118;0,8470883;0,929635147
53632;53632;N/A;;;R;S;sb229;Female;27,46338125;28,38480216;5;-4;0,788888889;21;7;OC;1;0;1;P-PILLER, MICROGYN;0;;100;1;VBM8;610,179;0,277143395;0,003339077;sl;G;A;OC user;OC;0;;0;0;0,18;0,18;0,18;0,18;0,8;1,3;1,3;1,3;3;2;5;Yes;34;16;;Yes;31;5;5;;No;;;;750,33;799;08/09/15;p;p080;3T;Yes;;9662,276;10387,93;3,212416;0,6835345;0,6031685;0,7713061;0,720614;0,8548492;0,9122178;0,8722346;0,8113632;3,117367;3,52786;0,8964474;0,7798056;0,9946715;0,9217843;0,7955287;0,6565073;0,9136906;0,8052206;0,7083897;0,6833285;1,059842;0,991807;0,74976;0,7203349;0,8400979;0,7662861;0,7672053;0,7721857;0,7153785;0,6935865;2,99548;2,96727;0,5228669;0,4940104;0,6453089;0,6109325;0,9127562;0,9419902;0,6337873;0,6198634;0,6425954;0,7463689;0,8849204;0,8433558;3,313979;0,8187442;0,9555535;0,7197047;0,8600739;0,696186;1,025334;0,7354092;0,7999723;0,7695256;0,7043508;2,978485;0,5081009;0,6279009;0,9273435;0,6265907;0,6830431;0,68382136;0,743677;0,789861988;;0,5012882;0,4334129;0,5393673;4,139306;1,055062;0,97316;1,164929;1,10643;0,8937772;0,9371883;1,094532;1,015734;3,512806;3,95893;1,225462;0,8873523;1,105701;0,9858305;1,124897;0,9045516;1,05088;0,96758;1,043781;1,061581;1,387767;1,27491;1,098359;1,059242;1,12956;1,022795;1,167257;1,176477;0,9285129;0,9174032;4,66859;5,770823;0,928465;0,8848721;0,9864493;0,9489064;1,210328;1,271101;0,7060624;0,7106802;1,01326;1,136107;0,9158255;1,057149;3,727021;1,016774;1,043199;1,010895;1,009459;1,052299;1,330472;1,079277;1,071399;1,171661;0,9220466;5,104929;0,9061484;0,9674176;1,240639;0,7076223;1,020907;1,021859174;1,091664;1,128577768
53635;53635;Living together;R;1;R;R;sb230;Female;28,69815195;19,72318339;4;24;0,544444444;10;9;.No;0;0;0;;0;;102;1;VBM8;608,932;0,338549423;0,005939464;sl;A;G;OC nonuser;.No;0;;0;0;0,6;0,6;0,6;0,6;0,8;1;1;1;3;2;5;Yes;25;15;;Yes;33;8;6;;No;;;;612,98;795;08/09/15;p;p082;3T;Yes;;16185,12;17546,98;3,42743;0,597382;0,5415541;0,7074814;0,6934533;0,8976985;0,8440732;0,720028;0,755196;3,782544;3,529736;0,590266;0,8017138;1,168909;1,062675;0,9148117;0,5662993;0,8382204;0,8238548;0,6431717;0,593868;1,042524;0,9444471;0,5927209;0,6081853;0,7996154;0,7695806;0,7125636;0,6870042;0,6620498;0,7159447;3,049126;3,017311;0,4552458;0,3850899;0,5694518;0,5357041;1,011926;0,9221625;0,7799985;0,714006;0,5692131;0,7006619;0,8690492;0,7354404;3,658773;0,6954245;1,114532;0,6668827;0,8297801;0,6190119;0,9936125;0,6003209;0,7834043;0,6989845;0,6845027;3,029871;0,4212201;0,5526411;0,9649379;0,7476551;0,6147159;0,615770814;0,6793118;0,746766995;;0,4532831;0,5480664;0,5530569;4,367943;0,8877715;0,8255088;0,9938779;0,9672325;0,8864053;0,8079727;0,9145097;1,00702;4,180604;3,896949;0,6129589;0,8859317;1,203897;1,130681;1,267597;0,8797699;0,932698;0,9400679;0,9293633;0,8601284;1,300129;1,169707;0,9059913;0,8925567;1,075671;0,9830966;1,144573;1,079882;0,8068124;0,8216064;5,019413;4,86683;0,8180174;0,7356991;0,8766352;0,8516149;1,255961;1,137873;0,878381;0,77716;0,8563416;0,9809423;0,8443015;0,9564244;4,044068;0,7492645;1,165604;0,9817992;0,9350045;0,8954415;1,234956;0,8983838;1,025626;1,110671;0,8101527;4,928304;0,777971;0,864173;1,194399;0,8290096;0,8995757;0,900946743;0,9825432;1,04404418
53668;53668;Divorced;S;0;S;S;sb234;Female;60,10130048;19,53125;3;-5;0,166666667;3;5;.No;0;0;0;POSTMENSTRUEL;1;;59;1;VBM8;543,74;0,226069114;0,004521382;sl;A;A;OC nonuser;.No;0;;1;1;0,04;0,04;0;0,02;0,4;0,3;0,3;0,3;2;4;6;Yes;12;20;;Yes;26;2;5;;No;;;;819,69;636;07/10/15;p;p090;3T;Yes;;14871,38;16455,89;3,569895;0,7123512;0,6987236;0,7567309;0,6929033;0,700277;0,8730237;0,9644341;0,9270853;3,755512;3,669453;0,307524;0,1407353;0,9323314;1,025464;0,5418356;0,3627712;0,9809937;0,840381;0,7273059;0,6378286;0,9010388;0,7529373;0,4292835;0,4143761;0,8371259;0,7947208;0,801954;0,7774613;0,5312131;0,6651;3,105072;3,035381;0,5265188;0,4686022;0,7019378;0,6645697;0,8808373;0,7771769;0,664813;0,5926236;0,7055925;0,7242396;0,7665496;0,9463626;3,717326;0,2119062;0,9699407;0,4354512;0,9137554;0,6831509;0,8262879;0,421169;0,8149538;0,7896191;0,5971969;3,06251;0,4964015;0,6832508;0,8280308;0,6269466;0,701902;0,702615551;0,6882209;0,742517027;;0,2084988;0,06745163;0,2508698;5,050845;1,130487;1,16422;1,196199;1,117352;0,6427359;0,8218139;1,179783;1,193449;4,49013;4,133205;0,3824028;0,2033068;0,9325807;1,066148;0,9595382;0,5273779;1,114773;1,031063;1,110137;1,037593;1,182578;1,006509;0,8258823;0,8057471;1,166498;1,063633;1,254859;1,190239;0,6179561;0,7264939;9,506592;6,709486;1,034632;0,9360803;1,115672;1,062091;1,227107;1,106383;0,7752344;0,678176;1,147513;1,155977;0,7112207;1,185924;4,33128;0,2790682;0,9875075;0,7030934;1,074746;1,074273;1,093749;0,8152404;1,112685;1,222313;0,6712095;7,813037;0,9833939;1,08888;1,165484;0,7243683;1,084482;1,085457832;1,069631;1,113529566
53682;53682;Single;S;0;S;S;sb231;Female;35,1430527;29,39468718;3;2;0,055555556;11;2;.No;0;0;0;KOBBERSPIRAL;0;;102;1;VBM8;598,034;0,263231973;0,003249777;ll;;AA;OC nonuser;.No;0;;0;0;0,29;0,29;0,29;0,29;1,1;9,8;9,8;9,8;4;2;6;Yes;23;9;;Yes;10;18;2;;No;;;;774,26;736;23/09/15;p;p085;3T;Yes;;12593,2;13420,67;3,806093;0,6590624;0,621351;0,7120053;0,6718048;0,6943143;0,7692288;0,9380264;0,8677413;4,120278;4,166859;0,4427313;0,4739762;1,251784;1,093106;0,8854193;1,04602;0,9159597;0,8145591;0,6693265;0,6194165;0,8977563;0,8133153;0,5488401;0,5914254;0,8194759;0,7222938;0,759408;0,7401039;0,6316107;0,680055;3,502725;3,256299;0,4315706;0,4153392;0,6011887;0,6253813;0,8170421;0,8118284;0,6352358;0,7156181;0,6396145;0,6910322;0,7330894;0,9043798;4,142816;0,4594145;1,163481;0,9546149;0,8647928;0,6446456;0,8546611;0,5697903;0,7670619;0,7497268;0,6552845;3,381878;0,423595;0,6137297;0,8144606;0,6721202;0,647306;0,648543258;0,6702967;0,746249811;;0,4492071;0,5015216;0,5464529;4,894671;1,102696;1,038815;1,07339;1,023847;0,6821929;0,7224916;1,208914;1,169326;4,733999;4,662085;0,5960659;0,5654498;1,376065;1,150739;1,387395;1,516957;1,132302;0,9814798;1,053115;0,9893258;1,176058;1,047522;0,9280083;0,9414549;1,191005;1,015799;1,194167;1,160352;0,7863062;0,8276424;4,916694;5,453728;0,8600944;0,8512597;0,9898943;1,013201;1,10772;1,101952;0,8069842;0,8614341;1,069691;1,047396;0,7026275;1,189902;4,698797;0,5799941;1,250762;1,443623;1,056158;1,021571;1,110556;0,9346675;1,096783;1,177209;0,8067135;5,159165;0,8557196;1,001951;1,104843;0,8316299;1,0221;1,023730613;1,033073;1,105402297
53716;53716;Single;S;0;S;S;sb237;Female;44,83778234;36,85306842;5;27;0,555555556;19;9;.No;0;0;0;;0;;124;1;VBM8;592,834;0,251037919;0,002728673;ll;;AA;OC nonuser;.No;1;0;;0;0,66;0,835443038;0,835443038;0,835443038;0,8;0,6;0,6;0,6;1;3;4;Yes;1;5;;Yes;10;0;4;;No;;;;804,81;466;10/12/15;p;p097;3T;Yes;;9224,465;10074,4;3,270168;0,6356181;0,5386722;0,8309198;0,6711303;0,9711555;0,8828736;0,8727294;0,7580877;3,123936;3,578301;0,7362338;0,5222254;1,188282;0,9205041;0,4585887;1,165636;0,9966698;0,6933559;0,7289477;0,6025566;0,9213821;0,8320822;0,5824475;0,5696381;0,8869186;0,7708758;0,7425417;0,6631377;0,5646828;0,6626791;2,743078;3,491763;0,463532;0,3866689;0,6171718;0,5740196;0,8195557;0,807509;0,6593919;0,7230778;0,5873344;0,7514904;0,9172696;0,8183296;3,339855;0,5795131;1,041373;0,7073382;0,8420019;0,6667994;0,8767681;0,576278;0,8265364;0,7022869;0,6125366;3,119235;0,4260384;0,5947541;0,8131064;0,6896297;0,6599352;0,662108375;0,6722553;0,728591643;;0,3739467;0,5252877;0,5552714;4,315969;1,055626;0,9673374;1,188604;1,014659;1,037387;0,9062077;1,016277;0,9776247;3,707125;4,159446;0,9498123;0,6909054;1,27997;0,9782672;0,8051522;1,927995;1,163477;0,8367244;1,111936;0,9942237;1,168835;1,043386;0,9088072;0,8704258;1,17326;1,011146;1,168233;1,09161;0,6684468;0,7499166;4,314473;5,995518;0,9494438;0,909211;1,025498;0,9651597;1,069117;1,070052;0,7887313;0,8447282;1,011521;1,102167;0,9576167;0,9979032;3,92199;0,7647314;1,11522;1,189673;0,9960386;1,053848;1,106143;0,890131;1,088928;1,128921;0,708343;5,194972;0,9298557;0,9941477;1,068802;0,8153141;1,032904;1,036352282;1,026335;1,073915502
53777;53777;Single;S;0;S;S;sb239;Female;21,92744695;28,17670315;1;-5;0,322222222;11;7;.No;0;0;0;;0;;117;1;VBM8;602,037;0,556736791;0,00695921;;;;OC nonuser;.No;1;0;;0;0,14;0,17721519;0,17721519;0,17721519;1,5;2,6;2,6;2,6;5;2;7;Yes;34;6;;Yes;22;6;4;;No;;;;368,53;682;09/03/16;p;p099;3T;Yes;;;;3,249615;0,6004233;0,5440206;0,6116739;0,5540209;0,8253217;0,7576756;0,7018871;0,632084;3,101461;3,480986;0,2316309;0,4287066;1,166952;1,093114;0,5586784;0,8824197;0,7536451;0,7270769;0,5529967;0,5290887;0,7193064;0,7373507;0,4548036;0,3949991;0,6981698;0,6251103;0,594223;0,6030862;0,5215029;0,5389255;3,555911;2,993013;0,3617551;0,3759347;0,5190807;0,4831465;0,7230696;0,7610762;0,6763143;0,6621686;0,571573;0,5837505;0,7712102;0,6681783;3,27463;0,3379077;1,128928;0,6687959;0,7406246;0,5412317;0,7286514;0,4250739;0,6603262;0,5987682;0,5313502;3,236939;0,3685493;0,500542;0,7422093;0,6693126;0,5421389;0,542488605;0,5571104;0,620809106;;0,4053114;0,4886305;0,5128972;;;;;;;;;;;;;;;;;;;;;;;;;;;;;;;;;;;;;;;;;;;;;;;;;;;;;;;;;;;;;;;;;
53809;53809;Single;S;0;S;S;sb248;Female;27,54004107;23,52941176;4;-18;0,011111111;1;0;.No;0;0;0;;0;;50;1;VBM8;600,313;1,114003106;0,016382399;;;;OC nonuser;.No;1;0;;0;0,71;0,898734177;0,898734177;0,898734177;0,5;0,8;0,8;0,8;3;2;5;Yes;31;1;;Yes;22;22;2;;No;;;;183,65;1047;30/06/16;p;p113;3T;Yes;;;;2,931543;0,4485564;0,4378446;0,5268571;0,460243;0,604985;0,6113834;0,674761;0,6223696;3,391403;2,523224;0,333674;0,288877;0,8678832;0,6036851;0,3554297;0,5755523;0,6705526;0,5966277;0,5035372;0,4428967;0,7066178;0,6218524;0,4290263;0,4718092;0,6181743;0,5264618;0,5504676;0,5308332;0,5566967;0,5222378;2,86629;3,102537;0,3207228;0,3033317;0,4113937;0,4206007;0,6667204;0,5966726;0,5796815;0,5194694;0,4430057;0,4945224;0,6057556;0,6484125;2,912688;0,3040184;0,7273601;0,45936;0,6345106;0,4737005;0,664032;0,4498138;0,5699296;0,540225;0,5378419;2,975842;0,3112172;0,4160812;0,6316163;0,5493789;0,46391;0,464613641;0,4978463;0,553865832;;0,3495091;0,398231;0,4264707;;;;;;;;;;;;;;;;;;;;;;;;;;;;;;;;;;;;;;;;;;;;;;;;;;;;;;;;;;;;;;;;;
53814;53814;Single;S;0;S;S;sb243;Female;21,31143053;21,71806609;1;-14;0,011111111;1;1;.No;0;0;0;;1;;75;1;VBM8;577,297;0,452823646;0,006966518;;;;OC nonuser;.No;1;1;;1;0,09;0,113924051;0;0,056962025;1,5;3,1;3,1;3,1;4;1;5;Yes;32;7;;Yes;25;2;1;;No;;;93;434,48;984;20/05/16;p;p107;3T;Yes;;;;3,859339;0,9026839;0,8626834;0,8597042;0,7391686;0,9573715;0,7637671;1,077114;1,043927;4,026635;4,098765;0,4960426;0,5202741;1,26783;1,303448;0,8427086;0,9359266;0,972474;0,8837471;0,8740237;0,8074027;0,9957023;1,001531;0,6944966;0,7236361;0,9834185;0,9426942;0,8814827;0,9272554;0,7733586;0,7666936;3,384779;3,462062;0,6189814;0,6342512;0,8324507;0,8632074;0,9817637;0,9632371;0,6682539;0,7017269;0,881682;0,7987469;0,8570037;1,060685;4,064164;0,5085988;1,281392;0,889076;0,9270179;0,8406335;0,9982689;0,7082586;0,9615548;0,9040128;0,7689342;3,42648;0,6265628;0,8482449;0,9727567;0,684782;0,8585047;0,859302949;0,847609;0,897968365;;0,5694846;0,5041837;0,5367458;;;;;;;;;;;;;;;;;;;;;;;;;;;;;;;;;;;;;;;;;;;;;;;;;;;;;;;;;;;;;;;;;
53818;53818;Single;S;0;S;S;sb244;Female;27,00342231;23,42209073;5;-16;0,177777778;6;4;.No;0;0;0;KOBBERSPIRAL;1;;61;1;VBM8;588,346;0,314873533;0,005524097;;;;OC nonuser;.No;1;0;;0;0,34;0,430379747;0,430379747;0,430379747;0,7;1,6;1,6;1,6;6;3;9;Yes;36;3;;Yes;30;2;2;;No;;;;636,79;874;20/04/16;p;p102;3T;Yes;;;;3,932659;0,6625003;0,605638;0,8102101;0,7208709;0,8879699;0,7640262;0,9144724;0,8596342;3,984063;4,196171;0,4725701;0,7277519;1,108511;1,112102;0,6244367;0,9737765;0,9903606;0,8425786;0,7042719;0,6598222;1,005435;0,9230344;0,7073357;0,7043915;0,9322036;0,7912451;0,840591;0,8585713;0,8180736;0,7549884;3,490465;3,591047;0,5492481;0,5258249;0,6486228;0,6110509;0,9711122;0,9736396;0,7057341;0,7440061;0,6338988;0,7610057;0,8145785;0,8864804;4,081557;0,6089343;1,105353;0,7335713;0,9181319;0,6814799;0,9644527;0,7058556;0,8555811;0,849728;0,7878622;3,546047;0,5373907;0,6295832;0,9723398;0,7250494;0,6845575;0,685809201;0,7595251;0,823704061;;0,5366758;0,423682;0,5547453;;;;;;;;;;;;;;;;;;;;;;;;;;;;;;;;;;;;;;;;;;;;;;;;;;;;;;;;;;;;;;;;;
53824;53824;Single;S;0;S;S;sb245;Female;22,94045175;27,6816609;5;58;0,744444444;24;8;.No;0;0;0;;1;;103;1;VBM8;389,687;4,348570059;0,054357126;;;;OC nonuser;.No;1;0;;0;0,83;1,050632911;1,050632911;1,050632911;0,7;1,5;1,5;1,5;1;3;4;Yes;25;13;;Yes;23;14;7;;No;;;;30,54;1029;01/06/16;p;p109;3T;Yes;;;;4,907129;0,9053772;0,8018228;0,9147641;0,9034076;1,107874;1,169701;1,111377;1,02263;4,940282;5,01668;0,1499932;0,2935504;1,400299;1,435836;1,010974;1,547076;1,17995;1,182137;0,9014747;0,8245669;1,048209;1,053117;0,7493416;0,7915195;0,9466864;0,9275824;0,9355656;0,9423636;0,933073;0,9315242;5,003542;4,749218;0,6197443;0,6156769;0,8369134;0,8125839;1,179355;1,197742;0,8014978;0,8774467;0,8529546;0,9088384;1,137506;1,069974;4,977935;0,2249969;1,417405;1,215523;1,180384;0,8639584;1,05059;0,7696774;0,9361847;0,9389918;0,9329739;4,831254;0,6177311;0,8248987;1,188344;0,8373954;0,8581411;0,858752254;0,8874697;0,975902176;;0,6131942;0,6454108;0,7402777;;;;;;;;;;;;;;;;;;;;;;;;;;;;;;;;;;;;;;;;;;;;;;;;;;;;;;;;;;;;;;;;;
53828;53828;Living together;R;1;R;R;sb247;Female;23,46885695;29,4022733;3;-12;0,322222222;9;2;HIUD;1;1;0;HORMONSPIRAL;0;;108;1;VBM8;601,88;0,803796011;0,00980239;;;;OC nonuser;HIUD;1;1;;1;0,09;0,113924051;0;0,056962025;0,6;1;1;1;1;2;3;Yes;36;3;;Yes;12;17;4;;No;;;;255,19;1049;28/06/16;p;p111;3T;Yes;;;;3,920152;0,6968916;0,6567406;0,7682388;0,64776;1,077923;0,8088129;0,9630721;0,8386158;3,985775;4,141841;0,7214134;0,8324677;1,140671;1,137028;1,128367;0,8055698;0,9369004;0,929519;0,7222237;0,630039;0,9292961;0,879101;0,6667615;0,6284241;0,8453054;0,7979625;0,7935847;0,826192;0,6736101;0,7420928;3,624663;3,84959;0,4854846;0,5206353;0,6727715;0,6773775;0,924722;0,9424818;0,6532678;0,6693736;0,6761032;0,7082351;0,9338137;0,900197;4,059689;0,7813078;1,136734;0,967228;0,9315624;0,6776896;0,9036637;0,6487251;0,8194871;0,8103723;0,7078092;3,737636;0,5012519;0,6752164;0,9326242;0,6574123;0,6928763;0,694925301;0,7323744;0,809808345;;0,4300534;0,5465543;0,5394838;;;;;;;;;;;;;;;;;;;;;;;;;;;;;;;;;;;;;;;;;;;;;;;;;;;;;;;;;;;;;;;;;
53839;53839;Single;S;0;S;S;sb246;Female;27,73169062;22,05219018;5;8;0,344444444;15;4;.No;0;0;0;;0;;125;1;VBM8;597,889;0,442092799;0,006698376;;;;OC nonuser;.No;1;0;;0;0,14;0,17721519;0,17721519;0,17721519;1;1,8;1,8;1,8;1;0;1;Yes;22;17;;Yes;18;17;5;;No;;;;460,9;1052;23/06/16;p;p110;3T;Yes;;;;3,034099;0,4503876;0,3895081;0,6789967;0,6152489;0,8024273;0,7236822;0,734639;0,7609586;2,697426;3,264526;0,5236533;0,8041898;1,119779;0,8910187;0,7894993;0,9836483;0,9202468;0,782677;0,5740998;0,4988595;0,9398043;0,8855944;0,5704204;0,5440709;0,7814617;0,7338364;0,7061749;0,7299559;0,7541371;0,7463129;3,265452;3,078328;0,4763715;0,4531845;0,4378016;0,4232191;0,7788514;0,8268321;0,6673323;0,6930332;0,4195151;0,6466352;0,7576709;0,7472442;2,952647;0,6777751;0,9968261;0,8736556;0,8509971;0,5369988;0,9122958;0,5575239;0,7559725;0,7181493;0,7488471;3,15492;0,4647552;0,4298962;0,8021162;0,6788826;0,5269356;0,528927339;0,63145;0,688547837;;0,5793608;0,5568764;0,6353047;;;;;;;;;;;;;;;;;;;;;;;;;;;;;;;;;;;;;;;;;;;;;;;;;;;;;;;;;;;;;;;;;
53849;53849;Single;S;0;S;S;sb266;Female;25,59616701;24,4646016;5;9;0,477777778;8;12;HIUD;1;1;0;HORMONSPIRAL;0;;95;1;VBM8;560,598;0,832759997;0,012811692;;;;OC nonuser;HIUD;1;1;;1;0,09;0,113924051;0;0,056962025;0,8;1,6;1,6;1,6;1;1;2;Yes;35;4;;Yes;34;3;5;;No;;;;229,42;673;05/10/16;p;p130;3T;Yes;;11650,2;;4,0553;0,6694017;0,552636;0,7959019;0,7677048;0,8973065;0,903742;0,7685796;0,7893331;4,277229;4,109029;0,6415826;0,5933528;1,229882;1,208748;0,7935148;0,793955;1,004331;0,9603311;0,7175265;0,6495078;0,9628894;0,892281;0,6146684;0,6457566;0,820691;0,8009838;0,7233289;0,711095;0,7506562;0,781513;3,664243;3,782901;0,4369269;0,4053033;0,5590322;0,5551608;0,8876794;0,9163255;0,8110567;0,6390499;0,611037;0,7815123;0,8985052;0,7769537;4,192994;0,6159889;1,217403;0,7939561;0,982598;0,6844328;0,9277418;0,6305162;0,8099135;0,7173525;0,7657417;3,716776;0,4211929;0,5570473;0,9015948;0,7284174;0,6536823;0,654412399;0,6912695;0,771147383;;0,5050708;0,5901243;0,6752781;;;;;;;;;;;;;;;;;;;;;;;;;;;;;;;;;;;;;;;;;;;;;;;;;;;;;;;;;;;;;;;;;
53854;53854;Single;S;0;S;S;sb253;Female;39,98083504;23,62444749;5;41;0,422222222;18;11;.No;0;0;0;;0;;103;1;VBM8;519,128;4,339436409;0,06999091;;;;OC nonuser;.No;1;0;;0;0,32;0,405063291;0,405063291;0,405063291;0,6;0,9;0,9;0,9;5;2;7;Yes;25;3;;No;;;5;;No;;;;40,77;863;24/08/16;p;p117;3T;Yes;;;;3,121114;0,5209508;0,5389409;0,5769058;0,551873;1,023576;0,7270649;0,8208119;0,8236347;3,080715;3,177073;0,5430396;0,5527855;0,9555085;1,037694;0,9813134;0,8364408;0,8239802;0,8069245;0,5501584;0,5118838;0,8299574;0,7902274;0,3527073;0,4165517;0,7070965;0,6593917;0,5486936;0,5662862;0,5054236;0,5969819;3,503411;2,96012;0,3376328;0,3385939;0,4853368;0,5245204;0,7601378;0,7612269;0,5427018;0,604656;0,5299573;0,5640139;0,8473607;0,8212341;3,125353;0,5434009;0,9934592;0,9128434;0,8146021;0,5310059;0,8099758;0,3841175;0,6822637;0,5577643;0,5498734;3,122005;0,3378607;0,505422;0,7604674;0,5726252;0,5398078;0,541018933;0,5528026;0,615833598;;0,3877441;0,5025295;0,4652704;;;;;;;;;;;;;;;;;;;;;;;;;;;;;;;;;;;;;;;;;;;;;;;;;;;;;;;;;;;;;;;;;
53882;53882;Married;R;1;R;R;sb250;Female;39,63312799;25,21735858;3;10;0,288888889;9;10;.No;0;0;0;KOBBERSPIRAL;0;;92;1;VBM8;585,347;0,552363997;0,008244239;;;;OC nonuser;.No;1;0;;0;0,43;0,544303797;0,544303797;0,544303797;0,4;0,4;0,4;0,4;6;2;8;Yes;11;4;;Yes;7;4;4;;No;;;;361,15;898;17/08/16;p;p115;3T;Yes;;;;3,054254;0,6324685;0,5877808;0,656877;0,7497177;1,167554;0,6797664;0,8078111;0,820006;3,064241;3,226906;0,5543455;0,6921002;1,202888;1,020577;0,6273595;;0,8907098;0,8841295;0,6487436;0,6487227;0,8774623;0,8350337;0,5440765;0,5828529;0,7699314;0,6761318;0,6542958;0,673202;0,6624653;0,7032118;3,264508;2,605548;0,3985597;0,391155;0,51979;0,5371553;0,8267688;0,8081546;0,7589364;0,6609165;0,6098175;0,7046598;0,8714479;0,8136485;3,139495;0,6232882;1,109555;1,137058;0,8872053;0,6487183;0,8557447;0,5631559;0,7199182;0,6637177;0,6831812;2,902236;0,3949007;0,5286211;0,81716;0,7086596;0,6102828;0,611209642;0,6368219;0,702732783;;0,4620747;0,6213134;0,5798027;;;;;;;;;;;;;;;;;;;;;;;;;;;;;;;;;;;;;;;;;;;;;;;;;;;;;;;;;;;;;;;;;
53888;53888;Living together;R;1;R;R;sb252;Female;25,61533196;20,2020202;5;-7;0,2;9;3;.No;0;0;0;;0;;63;1;VBM8;573,803;3,369263653;0,061259339;;;;OC nonuser;.No;1;0;;0;0,38;0,481012658;0,481012658;0,481012658;1;1,5;1,5;1,5;3;2;5;Yes;32;16;;Yes;13;12;3;;No;;;;58,04;867;23/08/16;p;p116;3T;Yes;;;;3,732506;0,6079957;0,6111873;0,6948138;0,6008669;0,9564058;0,7634158;0,8495171;0,7380726;3,804962;4,11529;0,5817973;0,6121546;1,084133;1,104766;0,8833888;0,7033128;0,8649955;0,8469669;0,631229;0,5649456;0,8970506;0,8278956;0,4920556;0,4856228;0,7826833;0,7006874;0,6348244;0,6678746;0,6796388;0,6462608;3,585407;3,123836;0,4291588;0,4265041;0,5443239;0,5487239;0,8439661;0,8232407;0,5677241;0,6339542;0,6093961;0,6467739;0,8504471;0,7968849;3,953992;0,5890555;1,085361;0,7956493;0,8556966;0,5986532;0,8613391;0,4888284;0,739962;0,6515022;0,6624708;3,280663;0,4278106;0,5465608;0,833855;0,5977072;0,5968134;0,597174416;0,6268698;0,69694743;;0,4835728;0,4430031;0,5367944;;;;;;;;;;;;;;;;;;;;;;;;;;;;;;;;;;;;;;;;;;;;;;;;;;;;;;;;;;;;;;;;;
53892;53892;Single;S;0;S;S;sb254;Female;23,40314853;20,74755019;5;15;0,266666667;13;7;.No;0;0;0;;0;;93;1;VBM8;336,431;4,273413522;0,065744823;;;;OC nonuser;.No;1;0;;0;0,26;0,329113924;0,329113924;0,329113924;0,9;1,4;1,4;1,4;3;0;3;Yes;33;6;;Yes;23;10;5;;No;;;;26,83;863;24/08/16;p;p118;3T;Yes;;;;3,536616;0,5467672;0,517845;0,714905;0,6528056;0,6485564;0,7131077;0,7714237;0,6733715;3,942753;3,474058;0,7432877;0,7273944;1,145657;0,8730723;0,8700351;0,6178337;0,8507898;0,9010127;0,6352841;0,5851628;0,8523571;0,8247802;0,5655356;0,587097;0,7854749;0,6873394;0,7145941;0,7375201;0,5896795;0,7550401;3,428886;2,948195;0,4523557;0,4816837;0,5135544;0,4765111;0,7790079;0,8137894;0,7154263;0,6546089;0,5318269;0,6836293;0,6802124;0,7241168;3,699487;0,7334068;1,00466;0,6707865;0,8750892;0,6103723;0,8381802;0,5759319;0,7344166;0,7261735;0,6620133;3,100212;0,4657763;0,4946974;0,7964988;0,6863252;0,5838748;0,584872499;0,6442352;0,707980205;;0,4357576;0,4734531;0,519691;;;;;;;;;;;;;;;;;;;;;;;;;;;;;;;;;;;;;;;;;;;;;;;;;;;;;;;;;;;;;;;;;
53906;53906;Single;S;0;S;S;sb257;Female;21,21013005;22,86253448;5;-4;0;5;2;.No;0;0;0;;0;;102;1;VBM8;602,128;3,207333892;0,050910062;;;;OC nonuser;.No;1;0;;0;0,18;0,227848101;0,227848101;0,227848101;0,9;1,9;1,9;1,9;1;1;2;Yes;30;8;;Yes;29;8;4;;No;;;;63,98;832;31/08/16;p;p122;3T;Yes;;10747,03;;3,60933;0,5597996;0,5289902;0,5956202;0,5761627;0,7646236;1,131139;0,7827289;0,7012155;3,836218;3,883189;0,6251336;0,4601226;1,099154;1,021604;0,6992985;1,061995;0,8257954;0,7254849;0,5566189;0,5373509;0,8236343;0,7676578;0,5065163;0,5341923;0,7550703;0,6756678;0,6389252;0,6556912;0,6142053;0,6331221;3,230796;3,426236;0,3747589;0,378941;0,5063516;0,4916249;0,7632576;0,7796204;0,6666769;0,6242525;0,5439983;0,5852489;0,9343393;0,7402904;3,859181;0,5367798;1,055283;0,8634713;0,7756257;0,5469549;0,7958056;0,519742;0,7127912;0,6473265;0,6234052;3,322549;0,3767276;0,4987786;0,7714196;0,6434466;0,5491145;0,550004274;0,5924701;0,669052092;;0,3950648;0,4014748;0,4338441;;;;;;;;;;;;;;;;;;;;;;;;;;;;;;;;;;;;;;;;;;;;;;;;;;;;;;;;;;;;;;;;;
53909;53909;Living together;R;1;R;R;sb258;Female;28,00273785;23,33546614;4;-21;0;7;3;.No;0;0;0;KOBBERSPIRAL;0;;65;1;VBM8;597,497;2,787883045;0,044965856;;;;OC nonuser;.No;1;0;;0;0,42;0,53164557;0,53164557;0,53164557;0,4;14,4;14,4;14,4;0;2;2;Yes;29;12;;Yes;32;13;4;;No;;;;73,04;832;29/08/16;p;p120;3T;Yes;;13530,34;;3,638115;0,560963;0,5156474;0,6188994;0,5804309;1,217928;1,002987;0,8459185;0,7872919;3,843428;3,677877;0,7633226;0,6628817;1,380351;1,226837;0,5950532;1,06276;0,813151;0,7717103;0,6002323;0,5346995;0,8835122;0,8402215;0,5046286;0,5496825;0,8074145;0,7160673;0,6631551;0,6647313;0,7373476;0,7782277;3,034947;3,748754;0,4211754;0,4108657;0,5467419;0,5214494;0,7626093;0,7414573;0,6631987;0,7233532;0,5382164;0,5984838;1,094803;0,8169965;3,76348;0,7069139;1,301902;0,7158682;0,7926698;0,5670514;0,8621156;0,5263121;0,7593859;0,6638353;0,7579012;3,34947;0,4161275;0,5339105;0,7521446;0,6923026;0,5789782;0,58003961;0,619;0,68791963;;0,4922134;0,5348363;0,5694996;;;;;;;;;;;;;;;;;;;;;;;;;;;;;;;;;;;;;;;;;;;;;;;;;;;;;;;;;;;;;;;;;
53917;53917;Living together;R;1;R;R;sb261;Female;25,85078713;18,33910035;5;1;0,355555556;14;5;.No;0;0;0;;0;;113;1;VBM8;588,716;1,149174711;0,021682542;;;;OC nonuser;.No;1;0;;0;0,15;0,189873418;0,189873418;0,189873418;0,9;1,6;1,6;1,6;0;1;1;Yes;31;8;;Yes;19;5;3;;No;;;;174,59;769;13/09/16;p;p125;3T;Yes;;11778,13;;4,11228;0,7519999;0,6475306;0,8080725;0,8054939;1,31477;1,160617;1,011557;0,9859059;3,847503;4,181234;0,8685038;0,7192181;1,612833;1,682021;0,8521285;0,9571805;1,121628;1,008628;0,7590179;0,7015404;1,064467;1,048369;0,5998913;0,7250303;0,958679;0,9321328;0,7302535;0,7875709;0,8026773;0,8050745;4,011224;4,620296;0,4595809;0,4432539;0,6705817;0,6984454;1,011167;0,9993501;0,7772475;0,727509;0,6999488;0,8067336;1,231204;0,9991441;4,006729;0,788118;1,635367;0,8671863;1,065986;0,7305126;1,056014;0,6566358;0,9444255;0,7598417;0,8023576;4,315025;0,451314;0,6846531;1,00494;0,7524047;0,7403057;0,74097823;0,7623781;0,855094076;;0,6022585;0,6225784;0,6432314;;;;;;;;;;;;;;;;;;;;;;;;;;;;;;;;;;;;;;;;;;;;;;;;;;;;;;;;;;;;;;;;;
55002;55002;Single;S;0;S;S;sb269;Female;22,01779603;21,87242282;4;11;0,155555556;8;8;.No;0;0;0;;0;;77;1;VBM8;555,768;0,566879368;0,009293104;;;;OC nonuser;.No;1;0;;0;0,88;1,113924051;1,113924051;1,113924051;2,4;3,8;3,8;3,8;2;0;2;Yes;33;19;;Yes;24;3;6;;No;;;20160;334,12;641;12/10/16;p;p133;3T;Yes;;;;3,248164;0,6200952;0,5494816;0,7464717;0,7358281;0,7879649;0,812797;0,6848395;0,8117679;3,318393;3,052593;0,6965291;0,5058427;1,177169;1,120681;1,030523;1,149547;0,9959429;0,9356849;0,6487548;0,5882213;0,9424197;0,8829265;0,6140763;0,6149981;0,8939086;0,8122013;0,6416177;0,6575683;0,6997075;0,8228696;3,467268;3,368944;0,4167857;0,3776871;0,5529335;0,5433636;0,8708282;0,9006894;0,8357099;0,6641392;0,5839125;0,7411181;0,7963883;0,7447946;3,181667;0,5917964;1,147533;1,088468;0,9650897;0,6199084;0,911937;0,6145567;0,8504106;0,6498717;0,7640814;3,414539;0,3979703;0,5480309;0,8858284;0,749557;0,626735;0,628635825;0,6606781;0,728694102;;0,4623452;0,5731085;0,5869923;;;;;;;;;;;;;;;;;;;;;;;;;;;;;;;;;;;;;;;;;;;;;;;;;;;;;;;;;;;;;;;;;
55004;55004;Single;S;0;S;S;sb277;Female;22,68856947;21,77843524;1;-5;0,144444444;5;1;.No;0;0;0;;1;;72;1;VBM8;566,884;0,24685552;0,004657651;;;;OC nonuser;.No;;;;;;;;;;;;;8;1;9;Yes;32;12;;Yes;25;11;4;;No;;;;782,62;494;16/11/16;p;p142;3T;Yes;;;;3,769613;0,6139342;0,5851724;0,6821926;0,5814143;0,8916429;1,020972;0,7762779;0,7720326;3,906832;3,834084;0,669538;0,5349244;1,273717;1,171858;0,71016;0,6361357;0,880751;0,8255539;0,5985628;0,5302604;0,8581751;0,8117398;0,5585657;0,571157;0,7057632;0,6831448;0,6192872;0,6494278;0,7720901;0,7160408;3,740989;3,505522;0,3792629;0,3541252;0,552374;0,5138392;0,9050431;0,8761113;0,7818621;0,7407057;0,5995218;0,6325079;0,9553511;0,7736854;3,870035;0,5884033;1,22184;0,6711557;0,8532881;0,5652067;0,8342933;0,5647513;0,6932975;0,6344481;0,7444996;3,611398;0,3667063;0,5330037;0,8905319;0,7612704;0,5696265;0,570141253;0,618511;0,697987173;;0,544381;0,4894684;0,5690222;;;;;;;;;;;;;;;;;;;;;;;;;;;;;;;;;;;;;;;;;;;;;;;;;;;;;;;;;;;;;;;;;
55008;55008;Living together;R;1;R;R;sb271;Female;28,41341547;24,91990032;5;-8;0,255555556;10;4;.No;0;0;0;;0;;65;1;VBM8;541,873;0,837925125;0,013300399;;;;OC nonuser;.No;1;0;;0;0,29;0,367088608;0,367088608;0,367088608;1,7;1,8;1,8;1,8;1;2;3;Yes;36;3;;Yes;21;11;4;;No;;;;220,39;610;19/10/16;p;p136;3T;Yes;;;;3,786856;0,4374516;0,3942614;0,5857656;0,5727233;0,9281386;0,5551764;0,6726606;0,6501959;4,046323;3,98715;0,4351735;0,5243666;0,9405963;0,9243186;0,7265724;1,207158;0,8309623;0,6915642;0,4912204;0,4486878;0,7946744;0,6795324;0,4411144;0,5005495;0,6855418;0,5796197;0,4676746;0,5124234;0,5706547;0,5980175;3,854031;3,246144;0,2950174;0,2312249;0,4439253;0,4042995;0,7531027;0,6896915;0,6329291;0,6384221;0,4149722;0,5793679;0,7206234;0,6621531;4,015336;0,4839064;0,9321734;0,8613821;0,7616412;0,4703535;0,7364768;0,4704159;0,629653;0,4903806;0,5835839;3,487504;0,2628878;0,4229395;0,721174;0,6368493;0,4729129;0,474480052;0,5077384;0,588817065;;0,5696629;0,4906101;0,5819113;;;;;;;;;;;;;;;;;;;;;;;;;;;;;;;;;;;;;;;;;;;;;;;;;;;;;;;;;;;;;;;;;
55026;55026;Single;S;0;S;S;sb272;Female;25,50308008;24,8357635;4;15;0,322222222;12;10;.No;0;0;0;;0;;122;1;VBM8;557,808;0,208428044;0,003361743;;;;OC nonuser;.No;1;1;;1;0,09;0,113924051;0;0,056962025;0,6;1,4;1,4;1,4;1;0;1;Yes;29;6;;Yes;28;12;8;;No;;;2880;912,07;579;27/10/16;p;p137;3T;Yes;;;;5,013867;0,7848106;0,6813416;0,8915501;0,7937331;1,27723;1,003769;1,014178;1,03097;5,123105;5,211723;0,5542259;0,723795;1,723322;1,466349;1,708898;1,92403;1,188063;1,069303;0,823554;0,7116166;1,153027;1,101817;0,8059423;0,7491339;0,9931847;0,9155987;0,8802865;0,9138072;0,7921242;0,9265377;5,042553;4,396218;0,6097958;0,5710661;0,6818915;0,6774759;1,192282;1,153096;0,8159976;0,8091254;0,7308567;0,8430218;1,127303;1,02197;5,165437;0,6472671;1,592338;1,819251;1,128401;0,7687556;1,126304;0,7778701;0,9515913;0,8973568;0,8565924;4,681981;0,5900274;0,6794595;1,17212;0,8117528;0,7604173;0,760735595;0,8478266;0,936911499;;0,7031104;0,7940323;0,7363029;;;;;;;;;;;;;;;;;;;;;;;;;;;;;;;;;;;;;;;;;;;;;;;;;;;;;;;;;;;;;;;;;
55032;55032;Single;S;0;S;S;sb273;Female;24,73374401;23,50780533;5;-12;0,088888889;7;4;.No;0;0;0;;0;;98;1;VBM8;597,735;0,234532724;0,003664574;;;;OC nonuser;.No;;;;;;;;;;;;;3;2;5;Yes;32;17;;Yes;26;7;4;;No;;;;868,57;549;02/11/16;p;p139;3T;Yes;;;;4,360429;0,6349854;0,5480164;0,7772919;0,681139;1,073409;1,016155;0,8803699;0,8830373;4,820317;4,560128;0,6565071;0,7806856;1,375908;1,388459;1,032402;0,7112397;1,057545;1,01154;0,7178514;0,6117265;1,058078;1,003765;0,7021643;0,7654895;0,9227648;0,8164177;0,8325394;0,8276098;0,6437259;0,7443111;4,003624;3,914681;0,5654473;0,538643;0,5986878;0,5613742;1,073528;1,036356;0,8481742;0,8367983;0,5893369;0,7266173;1,040269;0,8815407;4,691783;0,7199514;1,381017;0,8797802;1,034867;0,6644673;1,031082;0,7337772;0,8667517;0,830119;0,6910205;3,954828;0,5521898;0,5801896;1,055162;0,8425838;0,6596542;0,660480598;0,7706747;0,860351118;;0,5639087;0,6701109;0,7570437;;;;;;;;;;;;;;;;;;;;;;;;;;;;;;;;;;;;;;;;;;;;;;;;;;;;;;;;;;;;;;;;;
55226;55226;Single;S;0;S;S;sb302;Female;20,93634497;26,81359045;5;-3;;8;3;.No;0;0;0;;0;;76;1;VBM8;592,105;1,30879092;0,017928643;;;;OC nonuser;.No;1;0;;0;0,82;1,037974684;1,037974684;1,037974684;2,6;;;0,6;0;0;0;Yes;36;3;;Yes;35;1;5;;No;;;;154,18;957;09/05/17;p;p177;3T;Yes;;;;3,984718;0,5636315;0,5524964;0,654202;0,6399218;0,840581;0,6506076;0,8365014;0,7830218;3,836449;4,044272;0,388691;0,4249195;1,13811;0,8986447;0,5392042;1,568672;0,8969325;0,8021723;0,6472461;0,5737261;0,8890692;0,8127383;0,5961161;0,6000619;0,7864573;0,7443345;0,7187431;0,6823923;0,6067477;0,647758;5,065472;3,751848;0,4763088;0,4009239;0,5508877;0,5584528;0,8729768;0,8587809;0,5736191;0,5996934;0,5577062;0,646216;0,7322658;0,8110865;3,930821;0,4079604;1,016234;0,9375561;0,8497864;0,6110736;0,8505148;0,5979748;0,7642347;0,7001519;0,62682;4,161641;0,4401495;0,5547452;0,8656955;0,5872534;0,6092282;0,609746575;0,6541369;0,716255924;;0,3533648;0,4319923;0,4667392;;;;;;;;;;;;;;;;;;;;;;;;;;;;;;;;;;;;;;;;;;;;;;;;;;;;;;;;;;;;;;;;;
55241;55241;Single;S;0;S;S;sb301;Female;24,00821355;23,10843458;5;6;0,177777778;8;6;.No;0;0;0;;0;;108;1;VBM8;602,417;1,981122393;0,030017006;;;;OC nonuser;.No;1;0;;0;0,14;0,17721519;0,17721519;0,17721519;1,2;;;0,6;4;3;7;Yes;31;10;;Yes;31;18;3;;No;;;;103,63;957;09/05/17;p;p178;3T;Yes;;;;3,632725;0,5552954;0,4653927;0,6837537;0,5348842;0,8322835;0,8720584;0,8383454;0,6625433;3,626797;3,726346;0,6204812;0,6541681;1,081092;1,123484;1,152373;0,7654862;0,8286846;0,8308101;0,5830731;0,5100914;0,9122739;0,9044879;0,6095047;0,6755677;0,868534;0,7996203;0,6359611;0,6588839;0,6583031;0,6913201;3,636417;3,480569;0,3888295;0,3516472;0,5374663;0,4943602;0,7962843;0,845331;0,6400207;0,648404;0,5094239;0,613326;0,8522595;0,7554498;3,669265;0,6368257;1,101641;0,9743225;0,8299026;0,5478919;0,9081224;0,6426556;0,8310762;0,6474088;0,6750158;3,538466;0,3703942;0,5155763;0,8205301;0,6439769;0,5754987;0,576895629;0,6375314;0,702640942;;0,5489477;0,489447;0,6152576;;;;;;;;;;;;;;;;;;;;;;;;;;;;;;;;;;;;;;;;;;;;;;;;;;;;;;;;;;;;;;;;;
55250;55250;Living together;R;1;R;R;sb307;Female;24,43805613;19,72604469;5;3;0,122222222;5;2;HIUD;1;1;0;HORMONSPIRAL;0;;85;1;VBM8;590,807;0,617628913;0,009882063;;;;OC nonuser;HIUD;;;;;;;;;;;;;1;1;2;Yes;23;5;;Yes;33;5;3;;No;;;;326;1043;13/06/17;p;p185;3T;Yes;;;;3,902906;0,5286051;0,4856828;0,6675078;0,5873889;0,8926876;0,7073059;0,7798767;0,7904306;4,152049;4,111067;0,4949852;0,2867616;1,185446;1,175011;0,6947552;1,047254;0,8996787;0,7791404;0,5968591;0,531505;0,8679362;0,8798931;0,5335365;0,5492969;0,7342971;0,7038754;0,6825648;0,6648807;0,7434351;0,6968109;3,599984;3,357955;0,3693176;0,3401826;0,4559908;0,460365;0,8579953;0,8326501;0,6966154;0,6976775;0,5070264;0,6287497;0,7882805;0,7844801;4,130461;0,3852206;1,178769;0,826076;0,840146;0,56518;0,8740385;0,541584;0,7182343;0,6734043;0,7206321;3,462899;0,3546192;0,4582764;0,845006;0,6974909;0,5464851;0,546737714;0,6205873;0,696013407;;0,3880101;0,4266505;0,5261486;;;;;;;;;;;;;;;;;;;;;;;;;;;;;;;;;;;;;;;;;;;;;;;;;;;;;;;;;;;;;;;;;
55264;55264;Single;S;0;S;S;sb305;Female;20,40246407;24,21875;1;3;;11;5;HIUD;1;1;0;HORMONSPIRAL;0;;65;1;VBM8;599,356;0,754452703;0,012168592;;;;OC nonuser;HIUD;1;0;;0;0,97;1,227848101;1,227848101;1,227848101;1,6;3,93;;3,3;7;0;7;Yes;30;11;;Yes;31;2;5;;No;;;;270,74;1040;08/06/17;p;p183;3T;Yes;;12465,13;;3,540361;0,6257174;0,6805778;0,629396;0,5527372;0,8517655;0,9042827;0,8253336;0,771293;3,752117;3,600593;0,3625688;0,366658;1,096112;1,039208;0,7318881;0,5355046;0,8551833;0,7892335;0,5967384;0,5446371;0,7685798;0,8117732;0,5571267;0,5903695;0,7197566;0,7269261;0,7125308;0,7317685;0,6770964;0,6803834;3,19481;3,587871;0,365527;0,4257786;0,5511281;0,5768897;0,8646703;0,849965;0,6234179;0,6462745;0,6519842;0,5924755;0,8777471;0,8005851;3,671154;0,3644567;1,067365;0,6153772;0,8234112;0,5720319;0,7902726;0,5740703;0,7231248;0,7222591;0,6792167;3,372234;0,3959071;0,5636646;0,8574184;0,6343337;0,5884505;0,589121277;0,6370658;0,706427631;;0,3066304;0,3884225;0,4086712;;;;;;;;;;;;;;;;;;;;;;;;;;;;;;;;;;;;;;;;;;;;;;;;;;;;;;;;;;;;;;;;;
55703;55703;Living together;R;1;R;R;sb313;Female;25,84804928;20,67289484;5;-17;;0;0;HIUD;1;1;0;HORMONSPIRAL;0;;62;1;VBM8;591,896;0,618767352;0,00944683;;;;OC nonuser;HIUD;1;0;;0;0,12;0,151898734;0,151898734;0,151898734;0,4;;;0,6;0;0;0;Yes;32;3;;Yes;36;3;1;;No;;;;326;783;11/07/17;p;p187;3T;Yes;;9267,474;;3,640284;0,5607501;0,5662907;0,6643222;0,6270948;0,9376202;0,8440398;0,8307423;0,7778077;3,760779;3,623641;0,6207279;0,5649061;1,099655;1,05675;1,054536;0,9438394;0,882969;0,7728876;0,5958225;0,5655105;0,9179736;0,8621607;0,6277043;0,6063615;0,8208779;0,7615354;0,6770697;0,6844584;0,6235936;0,5506917;3,205572;3,91647;0,398476;0,3620371;0,5189496;0,5403935;0,8177884;0,7804651;0,6275789;0,7221467;0,5634257;0,6446923;0,8914532;0,8052388;3,691385;0,5903712;1,078014;1,00479;0,8290589;0,5804449;0,8889083;0,6168913;0,788302;0,6805543;0,5870612;3,564379;0,37985;0,5299245;0,7989144;0,67507;0,5871447;0,587922856;0,6348089;0,706240102;;0,4069987;0,537061;0,4977692;;;;;;;;;;;;;;;;;;;;;;;;;;;;;;;;;;;;;;;;;;;;;;;;;;;;;;;;;;;;;;;;;
55707;55707;Single;S;0;S;S;sb312;Female;27,08829569;19,74399227;4;30;0,677777778;17;12;OC;1;0;1;P-PILLER, FEMICEPT;1;;120;1;VBM8;593,903;0,620865467;0,009493356;;;;OC user;OC;1;1;;1;0,09;0,113924051;0;0,056962025;0,6;;;0,6;7;4;11;Yes;22;10;;Yes;20;12;6;;No;;;;326;806;16/08/17;p;p188;3T;Yes;;10196,93;;3,628433;0,676479;0,6523893;0,7605395;0,6769968;1,027347;1,064635;0,8856367;0,8470098;3,86319;3,728372;0,4264478;0,462689;1,152782;1,299422;0,5157363;0,8846839;0,9638124;0,8649204;0,6922101;0,6321189;0,8881451;0,7844949;0,5079385;0,6121016;0,6888567;0,6489125;0,7264378;0,772028;0,6630469;0,6198906;3,561148;3,238013;0,45966;0,4772729;0,5749728;0,5858387;0,9571071;0,8524248;0,7089044;0,7137419;0,6640265;0,7199367;1,048528;0,8672812;3,794964;0,4281997;1,226283;0,6983232;0,9146382;0,663019;0,8372269;0,559832;0,6680509;0,7494922;0,6435689;3,371148;0,468133;0,5805104;0,9047924;0,710928;0,63201;0,632829967;0,6735795;0,753558876;;0,4055253;0,482392;0,6008905;;;;;;;;;;;;;;;;;;;;;;;;;;;;;;;;;;;;;;;;;;;;;;;;;;;;;;;;;;;;;;;;;
55733;55733;Living together;R;1;R;R;sb314;Female;25,46748802;20,54863176;5;-18;0,055555556;3;3;.No;0;0;0;;0;;102;1;VBM8;598,452;2,285181418;0,037157421;;;;OC nonuser;.No;1;0;;0;1,25;1,582278481;1,582278481;1,582278481;0,8;;;0,6;8;0;8;Yes;27;2;;Yes;31;1;1;;No;;;;89,25;774;15/09/17;p;p196;3T;Yes;;11644,63;;3,43477;0,6023467;0,4915891;0,6506239;0,6556727;0,7461917;0,935886;0,7935554;0,7832437;3,491444;3,533922;0,6163014;0,8139208;1,265581;1,239398;0,8167775;0,8966611;0,9122617;0,8534443;0,6257972;0,55373;0,9732624;0,9188848;0,7003715;0,731154;0,8615445;0,7647208;0,7641778;0,7604736;0,66729;0,6837572;3,37069;3,269544;0,5352662;0,4639839;0,5677719;0,549187;0,9089189;0,9385228;0,6526223;0,7029201;0,5462412;0,6531576;0,8386518;0,787439;3,504505;0,7215368;1,251427;0,846589;0,8835643;0,5896778;0,9458292;0,7165593;0,8088226;0,7622797;0,6743167;3,320373;0,5000357;0,5584922;0,9233636;0,6772263;0,6059391;0,60692796;0,7036927;0,770153231;;0,4803394;0,5200705;0,4975232;;;;;;;;;;;;;;;;;;;;;;;;;;;;;;;;;;;;;;;;;;;;;;;;;;;;;;;;;;;;;;;;;
55755;55755;Single;S;0;S;S;sb309;Female;25,51403149;27,50665484;5;-8;0,177777778;5;0;.No;0;0;0;;0;;73;1;VBM8;563,28;0,588852221;0,008258797;;;;OC nonuser;.No;1;0;;0;0,15;0,189873418;0,189873418;0,189873418;0,7;;;0,6;1;1;2;Yes;36;0;;Yes;35;1;3;;No;;;;326;868;24/08/17;p;p191;3T;Yes;;12654,93;;3,948302;0,5413974;0,5338667;0,6779755;0,6702257;0,9180087;0,8735881;0,8484143;0,7932708;4,427068;4,037132;0,7607985;0,7972946;1,020459;1,001041;0,7970192;0,9854218;0,8954784;0,8798096;0,6180621;0,587413;0,9191063;0,8601407;0,5286486;0,5597182;0,7463208;0,6969749;0,6543763;0,6964472;0,7278669;0,7561649;3,574102;3,601407;0,3766139;0,3775054;0,5222896;0,5405247;0,8724514;0,8622738;0,635931;0,6661208;0,5374824;0,6739238;0,8946749;0,8212931;4,213291;0,7798029;1,010505;0,8806284;0,8876897;0,6025483;0,8894987;0,5437965;0,7194989;0,6757148;0,7414085;3,587222;0,3770585;0,5318602;0,8673244;0,6513644;0,5892787;0,590029945;0,6362551;0,72051699;;0,3031398;0,4744466;0,4119362;;;;;;;;;;;;;;;;;;;;;;;;;;;;;;;;;;;;;;;;;;;;;;;;;;;;;;;;;;;;;;;;;
55786;55786;Single;S;0;S;S;sb316;Female;26,89117043;21,53285949;5;-15;;6;2;HIUD;1;1;0;HORMONSPIRAL;0;;57;1;VBM8;601,703;0,629019578;0,010227961;;;;OC nonuser;HIUD;1;0;;0;0,1;0,126582278;0,126582278;0,126582278;0,9;;;0,6;3;2;5;Yes;30;13;;Yes;30;9;5;;No;;;;326;742;20/10/17;p;p207;3T;Yes;;12091,71;;3,810914;0,7084671;0,7144075;0,7968815;0,6829286;1,109395;0,8364735;0,8044523;0,8816105;4,000853;3,91128;0,4410296;0,4763877;1,262321;1,101342;0,621501;0,622683;0,9716467;0,9458819;0,7337129;0,6577646;1,0228;0,9332034;0,6148975;0,7098035;0,7817671;0,7847091;0,7432763;0,7714682;0,6370848;0,7152653;3,617279;3,58661;0,556488;0,4878575;0,627258;0,6339833;1,055332;1,019574;0,7591474;0,7670068;0,7114946;0,7414212;0,9481977;0,84236;3,954722;0,4593559;1,177766;0,6194611;0,9590547;0,6973316;0,977789;0,6584048;0,7834315;0,757568;0,6764311;3,585786;0,524633;0,6306185;1,037814;0,7625873;0,683241;0,683654271;0,745696;0,80921488;;0,4454953;0,4791338;0,5526769;;;;;;;;;;;;;;;;;;;;;;;;;;;;;;;;;;;;;;;;;;;;;;;;;;;;;;;;;;;;;;;;;
55798;55798;Single;S;0;S;S;sb320;Female;25,16632444;23,93948099;5;5;;12;3;HIUD;1;1;0;HORMONSPIRAL;0;;89;1;VBM8;600,14;0,62738562;0,008365142;;;;OC nonuser;HIUD;1;0;;0;0,66;0,835443038;0,835443038;0,835443038;0,9;52,5;;44,1;2;1;3;Yes;35;2;;Yes;28;5;5;;No;;;;326;647;09/10/17;p;p203;3T;Yes;;10756,03;;3,581729;0,551334;0,5418875;0,6337308;0,65606;0,8279428;0,8665156;0,7473647;0,74096;4,138484;3,779254;0,5831538;0,6001949;0,9508918;0,9343383;0,4529368;0,8892878;0,8383839;0,8258142;0,5924671;0,5817401;0,8485912;0,8209891;0,4657211;0,4392499;0,7577151;0,7240679;0,5793025;0,5980539;0,5693539;0,6539529;2,926038;2,938663;0,3990812;0,3811581;0,5088246;0,5274051;0,7249606;0,7317158;0,6467629;0,6643024;0,5463314;0,6446078;0,8456473;0,743655;3,945141;0,5919167;0,9423318;0,6566978;0,8323813;0,5872042;0,833997;0,4518771;0,7396216;0,5887656;0,6097074;2,93314;0,3903399;0,5183521;0,7283556;0,6556718;0,5791928;0,580516096;0,585721;0,652798141;;0,3274673;0,4185499;0,4677198;;;;;;;;;;;;;;;;;;;;;;;;;;;;;;;;;;;;;;;;;;;;;;;;;;;;;;;;;;;;;;;;;
55944;55944;Single;S;0;S;S;sb343;Female;19,22518823;19,75510204;1;-8;;2;3;.No;0;0;0;;0;;74;1;VBM8;602,5;0,437276657;0,007227713;;;;OC nonuser;.No;1;0;;0;0,19;0,240506329;0,240506329;0,240506329;0,8;;;0,6;;;;Yes;35;3;;Yes;26;6;2;;No;;;;469,57;509;06/02/18;p;p236;3T;Yes;;10926,18;;3,547909;0,5961649;0,500943;0,649055;0,5554012;0,8759442;0,8854232;0,8219634;0,7932487;3,316598;3,795202;0,3721138;0,7095995;1,222686;1,144741;0,8563028;0,9903445;0,8975141;0,8744571;0,621526;0,544602;0,8336426;0,8552983;0,6420159;0,7145477;0,8031681;0,7517642;0,6864004;0,7006067;0,7445935;0,8238508;3,435455;3,603982;0,4790924;0,4308517;0,5143456;0,525295;0,8732268;0,8310503;0,6835206;0,7549992;0,5474989;0,6037252;0,8777822;0,8069643;3,551978;0,5477951;1,182768;0,8979084;0,8861656;0,5838711;0,8446339;0,6779246;0,7754798;0,6935134;0,7834317;3,539084;0,4558719;0,5198827;0,8520296;0,7196182;0,5852139;0,585986372;0,6561989;0,719574743;;0,6258927;0,5897283;0,6774875;;;;;;;;;;;;;;;;;;;;;;;;;;;;;;;;;;;;;;;;;;;;;;;;;;;;;;;;;;;;;;;;;
55959;55959;Single;S;0;S;S;sb351;Female;21,63449692;21,9921875;4;-2;;9;3;OC;1;0;1;P-PILLER, FEMICEPT;0;;75;1;VBM8;605,194;1,162234392;0,020643595;;;;OC user;OC;1;1;;1;0,09;0,113924051;0;0,056962025;0,4;;;0,6;6;1;7;Yes;31;7;;Yes;28;5;4;;No;;;;177,46;703;19/02/18;p;p241;3T;Yes;;14766,29;;2,909156;0,4043349;0,356163;0,4229134;0,4601603;0,6974423;0,7643566;0,6291192;0,5450752;2,772767;3,19392;0,3689037;0,4423285;0,9311105;0,9243432;0,509267;0,78761;0,6806618;0,6854009;0,4400702;0,4021789;0,6853518;0,6620064;0,398538;0,4654042;0,6436801;0,5933215;0,4636228;0,4788865;0,579788;0,5511307;2,789735;2,775877;0,3004849;0,3072772;0,4093064;0,3940627;0,6014929;0,6560237;0,4870486;0,6218014;0,3795125;0,4411133;0,7331031;0,5891254;2,980882;0,4107675;0,9282848;0,6447216;0,6830564;0,4214983;0,6736136;0,4317385;0,6162187;0,4712577;0,565363;2,780149;0,3038331;0,4015027;0,6283272;0,5569165;0,4381981;0,439452971;0,4713609;0,528985492;;0,3749021;0,3907098;0,4287037;;;;;;;;;;;;;;;;;;;;;;;;;;;;;;;;;;;;;;;;;;;;;;;;;;;;;;;;;;;;;;;;;